Rk,Name,Age,Tm,IP,PAu,G,PA,AB,R,H,2B,3B,HR,SB,CS,BB,SO,BA,OBP,SLG,OPS,BAbip,TB,GDP,HBP,SH,SF,IBB,ROE
1,David Aardsma\aardsda01,30,NYY,1.0,,1,5,4,1,1,0,0,1,0,0,1,1,.250,.400,1.000,1.400,.000,4,0,0,0,0,0,0
2,Fernando Abad*\abadfe01,26,HOU,46.0,,37,208,183,27,57,14,2,6,0,3,19,38,.311,.383,.508,.892,.364,93,4,3,2,1,1,2
3,Jeremy Accardo\accarje01,30,TOT,37.1,,27,162,141,21,42,14,1,3,5,1,16,29,.298,.360,.475,.835,.345,67,5,0,1,4,1,0
4,Jeremy Accardo\accarje01,30,CLE,35.1,,26,152,132,19,38,12,1,3,4,1,16,28,.288,.358,.462,.820,.337,61,5,0,1,3,1,0
5,Jeremy Accardo\accarje01,30,OAK,2.0,,1,10,9,2,4,2,0,0,1,0,0,1,.444,.400,.667,1.067,.444,6,0,0,0,1,0,0
6,Alfredo Aceves\aceveal01,29,BOS,84.0,,69,361,315,51,80,18,1,11,6,1,31,75,.254,.326,.422,.748,.292,133,4,6,2,7,2,0
7,Manny Acosta\acostma01,31,NYM,47.1,,45,216,185,38,48,4,0,7,4,1,25,46,.259,.353,.395,.748,.306,73,3,3,1,2,1,3
8,Mike Adams\adamsmi03,33,TEX,52.1,,61,228,208,21,56,12,0,4,11,1,17,45,.269,.333,.385,.718,.327,80,5,3,0,0,1,2
9,Nathan Adcock\adcocna01,24,KCR,34.2,,12,148,131,13,37,7,0,4,3,3,13,22,.282,.347,.427,.774,.308,56,4,1,1,2,2,3
10,Jeremy Affeldt*\affelje01,33,SFG,63.1,,67,267,237,23,57,13,2,1,3,2,23,57,.241,.316,.325,.640,.313,77,7,3,4,0,1,2
11,Jonathan Albaladejo\albaljo01,29,ARI,3.0,,3,15,13,3,5,2,0,1,0,0,0,2,.385,.400,.769,1.169,.364,10,0,1,0,1,0,0
12,Matt Albers\alberma01,29,TOT,60.1,,63,241,214,21,46,2,0,9,6,2,22,44,.215,.292,.350,.642,.227,75,9,2,1,2,3,6
13,Matt Albers\alberma01,29,BOS,39.1,,40,157,139,14,30,2,0,6,6,2,15,25,.216,.293,.360,.653,.218,50,7,1,0,2,3,3
14,Matt Albers\alberma01,29,ARI,21.0,,23,84,75,7,16,0,0,3,0,0,7,19,.213,.289,.333,.622,.245,25,2,1,1,0,0,3
15,Al Alburquerque\albural01,26,DET,13.1,,8,53,45,1,6,1,0,0,1,1,8,18,.133,.264,.156,.420,.222,7,1,0,0,0,0,2
16,Cody Allen\allenco01,23,CLE,29.0,,27,126,109,12,29,4,0,2,2,2,15,27,.266,.352,.358,.710,.333,39,3,0,1,1,0,1
17,Henderson Alvarez III\alvarhe01,22,TOR,187.1,,31,807,744,110,216,43,3,29,2,0,54,79,.290,.339,.473,.812,.292,352,30,3,2,4,2,9
18,Hector Ambriz\ambrihe01,28,HOU,19.1,,18,83,68,9,14,5,0,0,2,1,11,22,.206,.333,.279,.613,.304,19,2,2,2,0,2,0
19,Brett Anderson*\anderbr04,24,OAK,35.0,,6,137,129,11,29,6,0,1,1,1,7,25,.225,.270,.295,.565,.272,38,3,1,0,0,1,2
20,Chris Archer\archech01,23,TBR,29.1,,6,122,107,17,23,2,0,3,1,2,13,36,.215,.306,.318,.624,.294,34,3,1,1,0,0,1
21,Jose Arredondo\arredjo01,28,CIN,61.0,,66,263,222,26,50,11,1,7,6,3,34,62,.225,.326,.378,.704,.274,84,3,1,2,4,2,2
22,Jake Arrieta\arrieja01,26,BAL,114.2,,24,496,449,82,122,23,1,16,9,3,35,109,.272,.329,.434,.763,.323,195,8,5,3,4,3,3
23,Bronson Arroyo\arroybr01,35,CIN,202.0,,32,835,782,86,209,42,0,26,7,5,35,129,.267,.301,.421,.721,.289,329,12,5,7,6,1,5
24,Jairo Asencio\valdelu01,29,TOT,40.1,,30,175,155,23,39,8,4,5,5,1,19,29,.252,.337,.452,.789,.281,70,4,1,0,0,1,3
25,Jairo Asencio\valdelu01,29,CLE,25.2,,18,108,99,17,27,6,3,4,1,1,8,21,.273,.333,.515,.848,.311,51,4,1,0,0,0,2
26,Jairo Asencio\valdelu01,29,CHC,14.2,,12,67,56,6,12,2,1,1,4,0,11,8,.214,.343,.339,.683,.234,19,0,0,0,0,1,1
27,Scott Atchison\atchisc01,36,BOS,51.1,,42,200,188,10,42,7,0,2,2,0,9,36,.223,.256,.293,.549,.263,55,6,0,1,2,3,1
28,Phillippe Aumont\aumonph01,23,PHI,14.2,,18,65,53,6,10,2,0,0,1,1,9,14,.189,.317,.226,.544,.256,12,0,1,2,0,1,1
29,Luis Avilan*\avilalu01,22,ATL,36.0,,31,142,128,9,27,5,0,1,2,0,10,33,.211,.273,.273,.547,.277,35,3,1,3,0,1,0
30,Dylan Axelrod\axelrdy01,26,CHW,51.0,,14,231,204,32,56,13,0,8,6,2,21,40,.275,.351,.456,.807,.304,93,2,4,0,2,0,1
31,John Axford\axforjo01,29,MIL,69.1,,75,310,266,42,61,6,3,10,4,2,39,93,.229,.330,.387,.717,.309,103,4,2,1,2,2,6
32,Luis Ayala\ayalalu01,34,BAL,75.0,,66,320,298,27,81,19,0,7,5,0,14,51,.272,.311,.406,.717,.306,121,6,4,2,2,3,5
33,Burke Badenhop\badenbu01,29,TBR,62.1,,66,262,243,24,63,11,2,6,1,0,12,42,.259,.292,.395,.687,.286,96,9,1,2,4,5,7
34,Andrew Bailey\bailean01,28,BOS,15.1,,19,74,66,12,21,2,1,2,1,1,8,14,.318,.392,.470,.862,.380,31,0,0,0,0,2,0
35,Homer Bailey\baileho02,26,CIN,208.0,,33,874,804,97,206,29,9,26,16,7,52,168,.256,.306,.412,.718,.293,331,13,8,5,5,3,10
36,Collin Balester\balesco01,26,DET,18.0,,11,83,67,14,14,4,0,5,3,0,11,12,.209,.337,.493,.830,.173,33,1,3,0,2,1,2
37,Grant Balfour\balfogr01,34,OAK,74.2,,75,289,257,21,41,10,1,4,3,3,28,72,.160,.242,.253,.495,.201,65,3,1,0,3,2,2
38,Daniel Bard\bardda01,27,BOS,59.1,,17,277,221,42,60,12,0,9,9,3,43,38,.271,.404,.448,.852,.288,99,7,8,2,3,1,1
39,Scott Barnes*\barnesc01,24,CLE,19.0,,16,82,72,9,17,6,1,1,2,0,7,16,.236,.329,.389,.718,.291,28,3,3,0,0,0,0
40,Anthony Bass\bassan01,24,SDP,97.0,,24,411,367,59,89,23,3,10,15,3,39,80,.243,.315,.403,.719,.283,148,5,1,2,2,3,3
41,Antonio Bastardo*\bastaan01,26,PHI,52.0,,65,224,193,26,40,6,1,7,7,1,26,81,.207,.305,.358,.662,.308,69,3,2,1,2,3,4
42,Miguel Batista\batismi01,41,TOT,52.2,,35,244,205,30,58,12,0,6,8,3,33,36,.283,.382,.429,.811,.315,88,3,1,3,2,1,1
43,Miguel Batista\batismi01,41,NYM,46.2,,30,220,183,28,53,11,0,5,6,3,31,34,.290,.392,.432,.823,.329,79,3,1,3,2,0,1
44,Miguel Batista\batismi01,41,ATL,6.0,,5,24,22,2,5,1,0,1,2,0,2,2,.227,.292,.409,.701,.211,9,0,0,0,0,1,0
45,Trevor Bauer\bauertr01,21,ARI,16.1,,4,77,61,13,14,6,0,2,4,0,13,17,.230,.368,.426,.795,.279,26,1,1,1,1,0,1
46,Brandon Beachy\beachbr01,25,ATL,81.0,,13,319,286,24,49,7,0,6,6,3,29,68,.171,.248,.259,.507,.201,74,4,1,1,2,1,4
47,Pedro Beato\beatope01,25,TOT,12.0,,11,51,45,9,11,1,0,1,1,1,5,12,.244,.333,.333,.667,.313,15,1,1,0,0,0,0
48,Pedro Beato\beatope01,25,NYM,4.1,,7,20,18,5,5,1,0,1,0,0,2,5,.278,.350,.500,.850,.333,9,0,0,0,0,0,0
49,Pedro Beato\beatope01,25,BOS,7.2,,4,31,27,4,6,0,0,0,1,1,3,7,.222,.323,.222,.545,.300,6,1,1,0,0,0,0
50,Blake Beavan\beavabl01,23,SEA,152.1,,26,638,598,76,168,39,4,23,15,4,24,67,.281,.317,.475,.792,.283,284,15,10,1,5,0,2
51,Chad Beck\beckch01,27,TOR,15.2,,14,72,66,12,21,6,1,2,2,1,5,9,.318,.361,.530,.891,.339,35,3,0,0,1,0,3
52,Josh Beckett\beckejo02,32,TOT,170.1,,28,730,660,91,174,32,5,21,19,3,52,132,.264,.319,.423,.741,.297,279,9,5,5,8,6,4
53,Josh Beckett\beckejo02,32,BOS,127.1,,21,547,493,75,131,26,4,16,15,2,38,94,.266,.320,.432,.752,.294,213,7,5,3,8,2,2
54,Josh Beckett\beckejo02,32,LAD,43.0,,7,183,167,16,43,6,1,5,4,1,14,38,.257,.315,.395,.710,.306,66,2,0,2,0,4,2
55,Erik Bedard*\bedarer01,33,PIT,125.2,,24,557,491,76,129,28,3,14,6,0,56,118,.263,.341,.418,.758,.319,205,11,3,5,2,2,7
56,Ronald Belisario\belisro01,29,LAD,71.0,,68,286,252,22,47,12,1,3,4,1,29,69,.187,.281,.278,.558,.244,70,6,4,1,0,4,2
57,Matt Belisle\belisma01,32,COL,80.0,,80,348,323,36,91,18,2,5,1,0,18,69,.282,.326,.396,.722,.345,128,8,3,4,0,6,6
58,Jeff Beliveau*\belivje01,25,CHC,17.2,,22,86,72,9,21,4,0,5,0,1,12,17,.292,.400,.556,.956,.320,40,0,1,1,0,1,0
59,Heath Bell\bellhe01,34,MIA,63.2,,73,286,248,38,70,18,1,5,4,2,29,59,.282,.357,.423,.780,.346,105,6,2,2,4,3,2
60,Duane Below*\belowdu01,26,DET,46.1,,27,189,175,25,49,3,1,6,6,2,8,29,.280,.310,.411,.722,.301,72,7,1,2,3,0,2
61,Joaquin Benoit\benoijo01,34,DET,71.0,,73,288,259,31,59,7,2,14,1,1,22,84,.228,.288,.432,.720,.274,112,5,1,3,3,2,0
62,Brad Bergesen\bergebr02,26,ARI,29.2,,19,121,109,14,29,7,1,2,1,0,7,18,.266,.314,.404,.717,.300,44,7,1,3,1,0,3
63,Jason Berken\berkeja01,28,TOT,19.2,,5,95,85,21,29,6,2,5,0,0,7,11,.341,.394,.635,1.029,.343,54,2,1,1,1,0,2
64,Jason Berken\berkeja01,28,BAL,1.0,,1,10,9,7,6,2,0,2,0,0,1,0,.667,.700,1.556,2.256,.571,14,1,0,0,0,0,1
65,Jason Berken\berkeja01,28,CHC,18.2,,4,85,76,14,23,4,2,3,0,0,6,11,.303,.357,.526,.883,.317,40,1,1,1,1,0,1
66,Rafael Betancourt\betanra01,37,COL,57.2,,60,236,220,19,53,12,0,6,6,0,12,57,.241,.278,.377,.655,.296,83,3,0,2,2,4,1
67,Chad Billingsley\billich01,27,LAD,149.2,,25,634,575,66,148,37,9,11,10,5,45,128,.257,.315,.410,.726,.312,236,8,5,6,3,2,5
68,Nick Blackburn\blackni01,30,MIN,98.2,,19,456,421,81,143,30,2,23,5,1,26,42,.340,.374,.584,.959,.331,246,8,1,2,6,0,5
69,Travis Blackley*\blacktr01,29,TOT,107.2,,28,444,403,53,98,20,5,10,2,4,32,71,.243,.302,.392,.694,.271,158,8,3,3,3,1,6
70,Travis Blackley*\blacktr01,29,SFG,5.0,,4,25,21,6,7,0,2,0,0,0,2,2,.333,.391,.524,.915,.368,11,0,0,2,0,0,1
71,Travis Blackley*\blacktr01,29,OAK,102.2,,24,419,382,47,91,20,3,10,2,4,30,69,.238,.297,.385,.681,.265,147,8,3,1,3,1,5
72,Joe Blanton\blantjo01,31,TOT,191.0,,31,806,757,106,207,37,6,29,8,7,34,166,.273,.306,.453,.759,.314,343,10,3,8,4,5,10
73,Joe Blanton\blantjo01,31,PHI,133.1,,21,560,530,74,141,28,4,22,5,4,18,115,.266,.292,.458,.751,.301,243,5,3,6,3,2,10
74,Joe Blanton\blantjo01,31,LAD,57.2,,10,246,227,32,66,9,2,7,3,3,16,51,.291,.336,.441,.777,.347,100,5,0,2,1,3,0
75,Jerry Blevins*\blevije01,28,OAK,65.1,,63,261,224,20,45,11,0,7,4,3,25,54,.201,.293,.344,.637,.230,77,5,5,5,2,5,4
76,Mitchell Boggs\boggsmi01,28,STL,73.1,,78,296,265,20,56,6,0,5,6,0,21,58,.211,.279,.291,.570,.252,77,9,4,6,0,3,7
77,Brian Bogusevic*\bogusbr01,28,HOU,1.0,,1,7,7,2,3,0,0,1,0,0,0,0,.429,.429,.857,1.286,.333,6,0,0,0,0,0,1
78,Michael Bowden\bowdemi01,25,TOT,39.2,,32,165,142,13,32,7,0,5,6,0,17,32,.225,.309,.380,.689,.252,54,3,1,2,2,1,0
79,Michael Bowden\bowdemi01,25,BOS,3.0,,2,11,10,1,2,0,0,1,0,0,1,3,.200,.273,.500,.773,.167,5,1,0,0,0,0,0
80,Michael Bowden\bowdemi01,25,CHC,36.2,,30,154,132,12,30,7,0,4,6,0,16,29,.227,.311,.371,.682,.257,49,2,1,2,2,1,0
81,Brad Boxberger\boxbebr01,24,SDP,27.2,,24,120,99,12,22,5,1,3,5,1,18,33,.222,.350,.384,.734,.297,38,3,2,0,1,1,0
82,Brad Brach\brachbr01,26,SDP,66.2,,67,280,241,28,50,6,0,11,11,2,33,75,.207,.305,.369,.674,.247,89,2,2,1,3,7,1
83,Bill Bray*\braybi01,29,CIN,8.2,,14,43,27,5,6,2,0,2,2,1,14,7,.222,.465,.519,.984,.200,14,1,0,0,2,0,0
84,Craig Breslow*\breslcr01,31,TOT,63.1,,63,261,231,22,52,10,2,5,2,3,22,61,.225,.295,.351,.645,.280,81,6,2,3,3,2,5
85,Craig Breslow*\breslcr01,31,ARI,43.1,,40,180,163,15,38,7,1,5,0,2,13,42,.233,.292,.380,.673,.282,62,3,1,2,1,0,3
86,Craig Breslow*\breslcr01,31,BOS,20.0,,23,81,68,7,14,3,1,0,2,1,9,19,.206,.300,.279,.579,.275,19,3,1,1,2,2,2
87,Zack Britton*\brittza01,24,BAL,60.1,,12,270,235,37,61,12,2,6,1,2,32,53,.260,.352,.404,.756,.311,95,5,2,0,1,3,2
88,Rex Brothers*\brothre01,24,COL,67.2,,75,295,251,33,63,13,3,5,5,4,37,83,.251,.346,.386,.732,.349,97,6,1,3,3,7,3
89,Barret Browning*\brownba01,27,STL,19.1,,22,84,73,11,18,5,0,2,1,0,7,11,.247,.305,.397,.702,.258,29,0,0,2,2,0,1
90,Jonathan Broxton\broxtjo01,28,TOT,58.0,,60,238,215,18,56,10,2,2,5,2,17,45,.260,.322,.353,.676,.320,76,9,3,2,1,0,2
91,Jonathan Broxton\broxtjo01,28,KCR,35.2,,35,151,132,11,36,5,1,1,2,2,14,25,.273,.349,.348,.697,.327,46,5,2,2,1,0,2
92,Jonathan Broxton\broxtjo01,28,CIN,22.1,,25,87,83,7,20,5,1,1,3,0,3,20,.241,.276,.361,.637,.306,30,4,1,0,0,0,0
93,Tyson Brummett\brummty01,27,PHI,0.2,,1,4,4,0,2,0,0,0,0,0,0,2,.500,.500,.500,1.000,1.000,2,0,0,0,0,0,0
94,Brian Bruney\brunebr01,30,CHW,1.0,,1,5,3,0,0,0,0,0,0,0,2,2,.000,.400,.000,.400,.000,0,0,0,0,0,0,0
95,Clay Buchholz\buchhcl01,27,BOS,189.1,,29,802,711,104,187,37,2,25,9,2,64,129,.263,.330,.426,.757,.286,303,27,12,5,9,2,8
96,Mark Buehrle*\buehrma01,33,MIA,202.1,,31,828,763,88,197,37,2,26,5,3,40,125,.258,.296,.414,.710,.276,316,17,4,14,7,3,8
97,Francisley Bueno*\buenofr01,31,KCR,17.1,,18,69,65,4,16,3,0,0,0,0,2,7,.246,.275,.292,.568,.271,19,3,1,0,1,1,1
98,Madison Bumgarner*\bumgama01,22,SFG,208.1,,32,849,782,87,183,36,7,23,27,10,49,191,.234,.284,.386,.670,.280,302,17,7,7,4,6,12
99,Dylan Bundy\bundydy01,19,BAL,1.2,,2,6,5,0,1,0,0,0,0,0,1,0,.200,.333,.200,.533,.200,1,1,0,0,0,0,0
100,A.J. Burnett\burnea.01,35,PIT,202.1,,31,851,767,86,189,30,2,18,38,2,62,180,.246,.307,.361,.668,.296,277,21,9,5,8,1,12
101,Alex Burnett\burneal01,24,MIN,71.2,,67,309,276,33,71,5,3,4,9,0,26,36,.257,.326,.341,.666,.282,94,7,3,2,2,5,5
102,Sean Burnett*\burnese01,29,WSN,56.2,,70,239,221,16,58,11,0,4,6,0,12,57,.262,.307,.367,.673,.333,81,5,3,1,2,3,2
103,Cory Burns\burnsco01,24,SDP,18.0,,17,92,81,11,26,6,1,1,2,0,10,18,.321,.402,.457,.859,.403,37,0,1,0,0,1,1
104,Jared Burton\burtoja01,31,MIN,62.0,,64,245,221,21,41,7,1,5,6,0,16,55,.186,.255,.294,.549,.222,65,4,5,2,1,1,4
105,Drew Butera\buterdr01,28,MIN,1.0,,1,4,3,0,0,0,0,0,0,0,1,1,.000,.250,.000,.250,.000,0,0,0,0,0,0,0
106,Tim Byrdak*\byrdati01,38,NYM,30.2,,56,125,100,16,18,1,1,2,1,2,18,34,.180,.306,.270,.576,.242,27,2,1,4,2,5,1
107,Alberto Cabrera\cabreal03,23,CHC,21.2,,25,99,78,15,16,4,1,1,4,1,18,27,.205,.357,.321,.678,.294,25,1,1,1,1,1,1
108,Edwar Cabrera*\cabreed01,24,COL,5.2,,2,33,26,9,9,1,0,3,2,0,7,5,.346,.485,.731,1.216,.333,19,1,0,0,0,1,1
109,Trevor Cahill\cahiltr01,24,ARI,200.0,,32,839,736,93,184,38,5,16,12,7,74,156,.250,.325,.380,.706,.295,280,23,11,12,6,0,6
110,Matt Cain\cainma01,27,SFG,219.1,,32,876,796,73,177,41,3,21,18,9,51,193,.222,.274,.361,.635,.264,287,14,9,11,9,1,9
111,Shawn Camp\campsh01,36,CHC,77.2,,80,327,303,32,79,13,6,7,7,4,21,54,.261,.307,.413,.719,.295,125,6,0,1,2,4,4
112,Carter Capps\cappsca01,21,SEA,25.0,,18,109,96,11,25,5,1,0,8,1,11,28,.260,.333,.333,.667,.362,32,1,0,1,1,0,0
113,Matt Capps\cappsma01,28,MIN,29.1,,30,120,116,13,28,4,0,5,3,0,4,18,.241,.267,.405,.672,.247,47,2,0,0,0,1,2
114,Chris Capuano*\capuach01,33,LAD,198.1,,33,817,741,91,188,33,4,25,6,3,54,162,.254,.305,.410,.715,.292,304,16,2,16,4,4,5
115,Andrew Carignan\carigan01,25,OAK,9.2,,11,44,33,5,8,2,0,0,0,0,10,8,.242,.419,.303,.722,.320,10,3,0,1,0,0,0
116,Chris Carpenter\carpech01,37,STL,17.0,,3,72,66,7,16,4,1,2,1,0,3,12,.242,.296,.424,.720,.269,28,1,2,1,0,0,1
117,Chris Carpenter\carpech02,26,BOS,6.0,,8,34,22,6,7,2,0,1,3,0,10,2,.318,.531,.545,1.077,.316,12,2,0,2,0,2,1
118,David Carpenter\carpeda01,26,TOT,32.1,,33,163,143,31,51,5,2,5,3,0,16,31,.357,.429,.524,.953,.430,75,3,2,2,0,4,1
119,David Carpenter\carpeda01,26,HOU,29.2,,30,143,126,21,43,2,2,4,3,0,14,27,.341,.411,.484,.895,.411,61,3,1,2,0,3,0
120,David Carpenter\carpeda01,26,TOR,2.2,,3,20,17,10,8,3,0,1,0,0,2,4,.471,.550,.824,1.374,.583,14,0,1,0,0,1,1
121,David Carpenter\carpeda02,24,LAA,39.2,,28,172,152,21,42,6,0,6,7,2,17,28,.276,.347,.434,.781,.303,66,4,0,1,1,0,0
122,Drew Carpenter\carpean01,27,TOR,9.0,,6,40,34,5,7,1,0,4,1,0,6,9,.206,.325,.588,.913,.143,20,0,0,0,0,0,0
123,D.J. Carrasco\carradj01,35,NYM,3.2,,4,18,17,3,6,0,1,2,0,0,0,3,.353,.389,.824,1.212,.333,14,0,1,0,0,0,0
124,Joel Carreno\carrejo01,25,TOR,22.0,,11,97,83,15,22,6,0,7,3,2,14,16,.265,.371,.590,.961,.250,49,1,0,0,0,0,0
125,Robert Carson*\carsoro01,23,NYM,13.1,,17,57,50,7,13,3,0,2,1,0,4,5,.260,.339,.440,.779,.256,22,2,2,1,0,0,1
126,Andrew Cashner\cashnan01,25,SDP,46.1,,33,196,172,23,42,6,0,5,12,2,19,52,.244,.321,.366,.688,.319,63,2,1,3,1,1,1
127,Santiago Casilla\garcija01,31,SFG,63.1,,73,272,245,24,55,10,0,8,5,1,22,55,.224,.293,.363,.656,.257,89,2,2,2,1,4,5
128,Bobby Cassevah\cassebo01,26,LAA,5.0,,4,29,19,4,5,1,0,2,0,0,6,2,.263,.429,.632,1.060,.176,12,0,1,1,2,1,2
129,Lendy Castillo\castile01,23,CHC,16.0,,13,88,70,16,24,3,0,2,6,0,12,13,.343,.453,.471,.925,.393,33,0,3,2,1,0,1
130,Brett Cecil*\cecilbr01,25,TOR,61.1,,21,270,238,40,70,13,1,11,3,2,23,51,.294,.360,.496,.855,.330,118,8,3,3,3,0,2
131,Xavier Cedeno*\cedenxa01,25,HOU,31.0,,44,138,118,15,30,5,0,3,3,0,14,36,.254,.331,.373,.704,.329,44,1,1,2,3,1,1
132,Jhoulys Chacin\chacijh01,24,COL,69.0,,14,314,278,35,80,13,2,10,2,2,32,45,.288,.364,.457,.821,.313,127,5,2,1,1,0,2
133,Joba Chamberlain\chambjo03,26,NYY,20.2,,22,95,86,11,26,6,0,3,4,0,6,22,.302,.358,.477,.835,.371,41,1,2,0,1,2,1
134,Aroldis Chapman*\chapmar01,24,CIN,71.2,,68,276,248,13,35,7,1,4,5,1,23,122,.141,.225,.226,.450,.252,56,2,4,0,1,0,3
135,Jaye Chapman\chapmja02,25,CHC,12.0,,14,50,40,5,8,2,1,0,3,3,10,12,.200,.360,.300,.660,.286,12,1,0,0,0,2,1
136,Tyler Chatwood\chatwty01,22,COL,64.2,,19,294,255,43,74,10,4,9,8,4,33,41,.290,.369,.467,.836,.314,119,6,0,4,2,2,2
137,Jesse Chavez\chaveje01,28,TOT,24.2,,13,123,108,29,34,7,1,7,0,0,11,30,.315,.390,.593,.983,.375,64,0,3,0,1,1,1
138,Jesse Chavez\chaveje01,28,TOR,21.1,,9,102,89,22,25,5,1,6,0,0,10,27,.281,.363,.562,.925,.333,50,0,2,0,1,1,1
139,Jesse Chavez\chaveje01,28,OAK,3.1,,4,21,19,7,9,2,0,1,0,0,1,3,.474,.524,.737,1.261,.533,14,0,1,0,0,0,0
140,Bruce Chen*\chenbr01,35,KCR,191.2,,34,827,764,114,215,45,6,33,18,8,47,140,.281,.328,.486,.813,.305,371,11,8,3,5,3,7
141,Wei-Yin Chen*\chenwe02,26,BAL,192.2,,32,818,743,97,186,34,4,29,11,3,57,154,.250,.305,.424,.729,.276,315,10,5,5,8,0,7
142,Randy Choate*\choatra01,36,TOT,38.2,,80,168,141,18,29,4,0,1,2,0,18,38,.206,.313,.255,.569,.269,36,3,5,2,2,3,4
143,Randy Choate*\choatra01,36,MIA,25.1,,44,104,90,11,16,3,0,0,0,0,9,27,.178,.272,.211,.483,.250,19,3,3,1,1,0,3
144,Randy Choate*\choatra01,36,LAD,13.1,,36,64,51,7,13,1,0,1,2,0,9,11,.255,.381,.333,.714,.300,17,0,2,1,1,3,1
145,Vinnie Chulk\chulkvi01,33,MIL,9.0,,7,48,44,10,17,5,1,0,1,0,4,10,.386,.438,.545,.983,.500,24,0,0,0,0,1,0
146,Tony Cingrani*\cingrto01,22,CIN,5.0,,3,22,20,1,4,0,0,1,0,0,2,9,.200,.273,.350,.623,.300,7,0,0,0,0,0,1
147,Steve Cishek\cishest01,26,MIA,63.2,,68,275,235,26,54,10,3,3,3,0,29,68,.230,.327,.336,.663,.307,79,9,6,3,2,6,4
148,Maikel Cleto\cletoma01,23,STL,9.0,,9,41,38,7,13,1,1,4,0,1,2,15,.342,.390,.737,1.127,.474,28,0,1,0,0,0,0
149,Tyler Clippard\clippty01,27,WSN,72.2,,74,307,269,32,55,11,2,7,8,0,29,84,.204,.283,.338,.621,.264,91,1,2,3,4,2,4
150,Tyler Cloyd\cloydty01,25,PHI,33.0,,6,138,127,18,33,5,0,8,0,0,7,30,.260,.309,.488,.797,.281,62,3,2,2,0,0,0
151,Alex Cobb\cobbal01,24,TBR,136.1,,23,569,511,67,130,26,1,11,19,2,40,106,.254,.316,.374,.690,.298,191,15,9,3,6,2,5
152,Robert Coello\coellro01,27,TOR,6.1,,6,33,28,9,10,3,1,2,0,0,4,11,.357,.455,.750,1.205,.533,21,0,1,0,0,0,0
153,Todd Coffey\coffeto01,31,LAD,19.1,,23,83,71,11,17,3,2,1,1,1,9,18,.239,.337,.380,.718,.302,27,2,2,0,1,1,1
154,Phil Coke*\cokeph01,29,DET,54.0,,66,245,219,28,71,13,3,5,5,2,18,51,.324,.375,.479,.854,.400,105,5,1,5,2,4,3
155,Casey Coleman\colemca01,24,CHC,24.1,,17,119,106,20,37,6,0,5,1,0,12,16,.349,.415,.547,.962,.376,58,2,0,1,0,0,0
156,Louis Coleman\colemlo01,26,KCR,51.0,,42,217,187,23,41,10,1,10,0,2,26,65,.219,.318,.444,.762,.277,83,1,1,3,0,3,1
157,Tim Collins*\colliti01,22,KCR,69.2,,72,295,255,29,55,12,3,8,9,0,34,93,.216,.312,.380,.692,.303,97,4,2,3,1,8,4
158,Josh Collmenter\collmjo01,26,ARI,90.1,,28,375,348,39,92,18,1,13,3,4,22,80,.264,.308,.434,.742,.310,151,4,0,5,0,2,1
159,Bartolo Colon\colonba01,39,OAK,152.1,,24,636,605,62,161,24,3,17,1,0,23,91,.266,.292,.400,.692,.287,242,14,1,3,4,3,11
160,Roman Colon\colonro01,32,KCR,8.0,,3,37,34,6,12,5,0,0,0,0,3,3,.353,.405,.500,.905,.387,17,2,0,0,0,0,0
161,Jose Contreras\contrjo01,40,PHI,13.2,,17,56,51,10,13,4,0,1,3,1,3,15,.255,.304,.392,.696,.333,20,2,1,0,1,0,2
162,Aaron Cook\cookaa01,33,BOS,94.0,,18,411,385,68,117,26,2,15,2,2,21,20,.304,.340,.499,.839,.290,192,13,1,2,2,1,6
163,Ryan Cook\cookry01,25,OAK,73.1,,71,288,253,18,42,8,2,4,4,2,27,80,.166,.256,.261,.517,.224,66,7,4,3,1,4,5
164,Patrick Corbin*\corbipa01,22,ARI,107.0,,22,454,418,56,117,23,5,14,5,2,25,86,.280,.323,.459,.782,.319,192,10,4,2,5,2,3
165,Francisco Cordero\cordefr01,37,TOT,39.1,,47,192,168,35,61,11,0,9,7,0,18,31,.363,.431,.589,1.020,.406,99,5,2,4,0,4,1
166,Francisco Cordero\cordefr01,37,TOR,34.1,,41,160,141,24,48,7,0,7,5,0,14,26,.340,.404,.539,.943,.380,76,4,1,4,0,3,1
167,Francisco Cordero\cordefr01,37,HOU,5.0,,6,32,27,11,13,4,0,2,2,0,4,5,.481,.563,.852,1.414,.550,23,1,1,0,0,1,0
168,Manny Corpas\corpama01,29,CHC,46.2,,48,205,183,27,50,11,2,7,3,2,16,28,.273,.348,.470,.818,.291,86,6,5,1,0,3,2
169,Kevin Correia\correke01,31,PIT,171.0,,32,728,658,89,176,29,5,20,7,4,46,89,.267,.315,.418,.733,.281,275,12,3,14,7,2,10
170,Jesse Crain\crainje01,30,CHW,48.0,,51,194,170,14,29,5,0,5,6,2,23,60,.171,.273,.288,.561,.229,49,1,1,0,0,1,2
171,Evan Crawford*\crawfev01,25,TOR,8.0,,10,36,30,6,10,2,0,3,1,1,4,5,.333,.429,.700,1.129,.318,21,1,1,1,0,1,0
172,Casey Crosby*\crosbca01,23,DET,12.1,,3,59,48,13,15,4,1,2,2,0,11,9,.313,.441,.563,1.003,.351,27,4,0,0,0,0,1
173,Aaron Crow\crowaa01,25,KCR,64.2,,73,260,234,27,54,3,1,4,2,2,22,65,.231,.297,.303,.601,.299,71,8,1,1,2,2,3
174,Juan Cruz\cruzju02,33,PIT,35.2,,43,162,135,12,39,7,0,3,1,1,19,33,.289,.381,.407,.789,.353,55,2,3,2,3,0,0
175,Rhiner Cruz\cruzrh01,25,HOU,55.0,,52,253,219,38,65,14,2,8,5,1,29,46,.297,.381,.489,.870,.341,107,6,2,1,2,0,3
176,Johnny Cueto\cuetojo01,26,CIN,217.0,,33,888,815,73,205,36,6,15,1,9,49,170,.252,.302,.366,.667,.299,298,14,12,6,6,5,6
177,John Danks*\danksjo01,27,CHW,53.2,,9,238,209,35,57,13,1,7,1,1,23,30,.273,.345,.445,.790,.287,93,5,1,3,2,0,0
178,Yu Darvish\darviyu01,25,TEX,191.1,,29,816,708,89,156,39,4,14,23,4,89,221,.220,.313,.346,.659,.296,245,12,10,2,7,1,7
179,Chris Davis\davisch02,26,BAL,2.0,,1,8,7,0,2,1,0,0,0,0,1,2,.286,.375,.429,.804,.400,3,1,0,0,0,0,1
180,Wade Davis\daviswa01,26,TBR,70.1,,54,284,254,20,48,11,1,5,4,2,29,87,.189,.271,.299,.570,.264,76,4,0,0,1,2,4
181,Justin De Fratus\defraju01,24,PHI,10.2,,13,44,39,5,7,1,0,0,2,0,5,8,.179,.273,.205,.478,.226,8,1,0,0,0,1,1
182,Dane De La Rosa\delarda01,29,TBR,5.0,,5,22,20,7,7,2,0,2,0,1,2,5,.350,.409,.750,1.159,.385,15,1,0,0,0,0,0
183,Jorge De La Rosa*\rosajo01,31,COL,10.2,,3,53,50,14,17,3,0,5,1,0,2,6,.340,.365,.700,1.065,.308,35,0,0,1,0,0,2
184,Rubby De La Rosa\delarru01,23,LAD,0.2,,1,4,2,2,0,0,0,0,1,0,2,0,.000,.500,.000,.500,.000,0,0,0,0,0,0,0
185,Fautino De Los Santos\delosfa01,26,OAK,3.0,,6,20,17,2,7,1,0,0,0,0,3,3,.412,.500,.471,.971,.500,8,0,0,0,0,0,1
186,Cole De Vries\devrico01,27,MIN,87.2,,17,375,349,48,88,17,0,16,2,1,18,58,.252,.296,.438,.735,.262,153,5,4,4,0,0,7
187,Sam Deduno\dedunsa01,28,MIN,79.0,,15,347,286,40,69,9,2,10,8,1,53,57,.241,.367,.392,.759,.267,112,12,5,1,2,0,1
188,Enerio Del Rosario\delroen01,26,HOU,19.0,,19,97,86,21,34,9,1,1,6,0,7,11,.395,.443,.558,1.001,.434,48,2,2,0,2,0,0
189,Steve Delabar\delabst01,28,TOT,66.0,,61,274,238,29,46,14,0,12,2,2,26,92,.193,.284,.403,.687,.250,96,3,5,3,2,1,3
190,Steve Delabar\delabst01,28,SEA,36.2,,34,148,130,17,23,4,0,9,2,0,11,46,.177,.267,.415,.683,.187,54,2,5,2,0,1,1
191,Steve Delabar\delabst01,28,TOR,29.1,,27,126,108,12,23,10,0,3,0,2,15,46,.213,.304,.389,.693,.328,42,1,0,1,2,0,2
192,Randall Delgado\delgara01,22,ATL,92.2,,18,401,347,48,89,21,0,8,1,4,42,76,.256,.341,.386,.727,.305,134,8,4,5,3,4,4
193,Sam Demel\demelsa01,26,ARI,1.0,,1,6,4,1,2,0,0,0,0,0,1,0,.500,.600,.500,1.100,.500,2,0,0,1,0,1,0
194,Ryan Dempster\dempsry01,35,TOT,173.0,,28,717,654,71,155,31,4,19,22,4,52,153,.237,.294,.384,.677,.280,251,8,2,5,4,0,9
195,Ryan Dempster\dempsry01,35,CHC,104.0,,16,417,386,28,81,13,2,9,14,2,27,83,.210,.263,.324,.586,.244,125,4,1,2,1,0,7
196,Ryan Dempster\dempsry01,35,TEX,69.0,,12,300,268,43,74,18,2,10,8,2,25,70,.276,.337,.470,.807,.335,126,4,1,3,3,0,2
197,Ross Detwiler*\detwiro01,26,WSN,164.1,,33,686,618,75,149,35,2,15,3,2,52,105,.241,.304,.377,.681,.267,233,14,5,8,3,0,8
198,Scott Diamond*\diamosc01,25,MIN,173.0,,27,714,671,76,184,39,5,17,15,4,31,90,.274,.308,.423,.731,.293,284,26,4,3,5,2,14
199,R.A. Dickey\dicker.01,37,NYM,233.2,,34,927,848,78,192,35,4,24,4,3,54,230,.226,.278,.362,.640,.280,307,25,9,9,7,2,8
200,Brandon Dickson\dicksbr01,27,STL,6.1,,4,32,30,7,10,1,1,2,0,0,2,6,.333,.375,.633,1.008,.364,19,0,0,0,0,0,2
201,Jake Diekman*\diekmja01,25,PHI,27.1,,32,131,107,17,25,7,0,1,5,1,20,35,.234,.369,.327,.696,.338,35,1,3,1,0,3,2
202,Tim Dillard\dillati01,28,MIL,37.0,,34,166,149,21,45,11,1,3,0,1,14,29,.302,.366,.450,.816,.359,67,5,1,2,0,2,3
203,Rafael Dolis\dolisra01,24,CHC,38.0,,34,173,144,29,40,11,1,5,0,0,23,24,.278,.386,.472,.858,.302,68,8,3,2,1,1,2
204,Sean Doolittle*\doolise01,25,OAK,47.1,,44,191,176,18,40,11,0,3,5,1,11,60,.227,.270,.341,.611,.322,60,1,0,2,2,1,2
205,Octavio Dotel\doteloc01,38,DET,58.0,,57,234,217,23,50,10,3,3,10,3,12,62,.230,.272,.346,.617,.305,75,2,1,2,2,4,2
206,Felix Doubront*\doubrfe01,24,BOS,161.0,,29,709,625,95,162,34,3,24,19,3,71,167,.259,.337,.438,.775,.314,274,9,5,1,6,0,6
207,Darin Downs*\downsda02,27,DET,20.2,,18,86,76,8,18,4,0,1,3,1,9,20,.237,.326,.329,.655,.309,25,2,1,0,0,2,0
208,Scott Downs*\downssc01,36,LAA,45.2,,57,194,175,17,43,9,0,3,2,0,17,32,.246,.309,.349,.658,.282,61,3,0,0,2,2,0
209,Kyle Drabek\drabeky01,24,TOR,71.1,,13,317,268,41,67,23,0,10,0,3,47,47,.250,.363,.448,.811,.269,120,12,1,0,1,0,5
210,Brian Duensing*\duensbr01,29,MIN,109.0,,55,472,438,71,126,26,3,10,5,1,27,69,.288,.330,.429,.759,.320,188,15,2,2,3,3,6
211,Danny Duffy*\duffyda01,23,KCR,27.2,,6,121,103,13,26,10,0,2,2,1,18,28,.252,.364,.408,.771,.329,42,3,0,0,0,1,1
212,Zach Duke*\dukeza01,29,WSN,13.2,,8,56,52,2,11,2,1,0,3,0,4,10,.212,.268,.288,.556,.262,15,0,0,0,0,0,0
213,Mike Dunn*\dunnmi01,27,MIA,44.0,,60,208,173,31,49,16,0,3,2,0,29,47,.283,.379,.428,.806,.362,74,3,0,2,4,8,1
214,Chad Durbin\durbich01,34,ATL,61.0,,76,257,225,25,52,8,1,9,4,2,28,49,.231,.314,.396,.709,.254,89,4,0,2,2,3,1
215,Sam Dyson\dysonsa01,24,TOR,0.2,,2,8,6,3,4,2,0,0,1,0,2,1,.667,.750,1.000,1.750,.800,6,0,0,0,0,0,0
216,Josh Edgin*\edginjo01,25,NYM,25.2,,34,107,93,14,19,3,0,5,1,0,10,30,.204,.295,.398,.693,.241,37,3,2,2,0,0,2
217,Steve Edlefsen\edlefst01,27,SFG,15.1,,14,69,63,8,20,4,0,1,0,1,6,9,.317,.377,.429,.805,.358,27,3,0,0,0,0,0
218,Jack Egbert\egberja01,29,NYM,0.2,,1,2,2,0,0,0,0,0,0,0,0,0,.000,.000,.000,.000,.000,0,0,0,0,0,0,0
219,Mike Ekstrom\ekstrmi01,28,COL,15.2,,15,72,64,11,21,4,1,1,2,0,2,9,.328,.333,.469,.802,.351,30,1,0,3,3,0,2
220,Scott Elbert*\elbersc01,26,LAD,32.2,,43,133,117,8,27,3,0,3,3,1,13,29,.231,.308,.333,.642,.276,39,3,1,0,2,1,0
221,John Ely\elyjo01,26,LAD,2.2,,2,19,13,6,6,1,0,0,0,0,4,3,.462,.611,.538,1.150,.600,7,0,1,1,0,2,0
222,Barry Enright\enrigba01,26,LAA,3.2,,3,20,19,6,7,1,0,1,0,0,1,0,.368,.400,.579,.979,.333,11,0,0,0,0,0,1
223,Nathan Eovaldi\eovalna01,22,TOT,119.1,,22,526,469,59,133,27,4,10,4,2,47,78,.284,.349,.422,.771,.318,198,14,3,1,6,3,4
224,Nathan Eovaldi\eovalna01,22,LAD,56.1,,10,241,218,27,63,13,1,5,2,2,20,34,.289,.344,.427,.771,.319,93,9,0,0,3,2,3
225,Nathan Eovaldi\eovalna01,22,MIA,63.0,,12,285,251,32,70,14,3,5,2,0,27,44,.279,.352,.418,.770,.317,105,5,3,1,3,1,1
226,Cody Eppley\eppleco01,26,NYY,46.0,,59,194,173,19,46,7,0,3,3,0,17,32,.266,.332,.358,.690,.312,62,7,0,4,0,2,2
227,Edgmer Escalona\escaled01,25,COL,22.1,,22,97,87,16,23,3,2,5,4,0,7,21,.264,.323,.517,.840,.290,45,2,1,1,1,1,2
228,Marco Estrada\estrama01,28,MIL,138.1,,29,562,523,62,129,30,3,18,15,5,29,143,.247,.285,.419,.703,.304,219,6,0,7,3,0,3
229,Dana Eveland*\evelada01,28,BAL,32.1,,14,145,125,18,32,6,0,3,2,0,13,18,.256,.345,.376,.721,.274,47,3,5,0,2,3,2
230,Jeurys Familia\familje01,22,NYM,12.1,,8,52,43,8,10,0,1,0,1,2,9,10,.233,.365,.279,.644,.303,12,2,0,0,0,0,0
231,Kyle Farnsworth\farnsky01,36,TBR,27.0,,34,120,102,13,22,3,0,1,3,0,14,25,.216,.314,.275,.588,.273,28,0,1,2,1,2,2
232,Scott Feldman\feldmsc01,29,TEX,123.2,,29,536,498,79,139,20,5,14,20,3,32,96,.279,.321,.424,.745,.318,211,8,1,0,5,2,6
233,Neftali Feliz\felizne01,24,TEX,42.2,,8,175,150,15,28,3,1,5,3,0,23,37,.187,.303,.320,.623,.213,48,5,2,0,0,0,0
234,C.J. Fick\fickch01,26,TOT,24.2,,20,116,91,14,27,5,1,4,0,1,18,17,.297,.416,.505,.921,.319,46,4,2,3,2,4,1
235,C.J. Fick\fickch01,26,STL,1.2,,2,9,7,1,3,1,0,0,0,0,1,0,.429,.500,.571,1.071,.429,4,0,0,1,0,0,0
236,C.J. Fick\fickch01,26,HOU,23.0,,18,107,84,13,24,4,1,4,0,1,17,17,.286,.410,.500,.910,.308,42,4,2,2,2,4,1
237,Casey Fien\fienca01,28,MIN,35.0,,35,141,128,9,25,4,2,3,3,0,9,32,.195,.250,.328,.578,.232,42,1,1,1,2,4,2
238,Mike Fiers\fiersmi01,27,MIL,127.2,,23,539,493,56,125,29,1,12,10,3,36,135,.254,.305,.389,.694,.323,192,5,2,4,4,0,2
239,Stephen Fife\fifest01,25,LAD,26.2,,5,115,98,8,25,3,0,2,1,0,12,20,.255,.348,.347,.695,.303,34,1,2,3,0,0,0
240,Pedro Figueroa*\figuepe01,26,OAK,21.2,,19,89,74,9,16,1,0,2,2,0,15,14,.216,.348,.311,.659,.241,23,6,0,0,0,1,0
241,Doug Fister\fistedo01,28,DET,161.2,,26,673,626,73,156,30,5,15,2,4,37,137,.249,.299,.385,.683,.297,241,16,7,3,0,1,9
242,Gavin Floyd\floydga01,29,CHW,168.0,,29,724,641,84,166,30,3,22,8,4,63,144,.259,.337,.418,.755,.301,268,22,14,3,3,2,6
243,Wilmer Font\fontwi01,22,TEX,2.0,,3,10,6,2,0,0,0,0,0,0,4,1,.000,.400,.000,.400,.000,0,0,0,0,0,0,0
244,Jeff Francis*\francje01,31,COL,113.0,,24,502,459,71,145,29,3,15,10,3,22,76,.316,.356,.490,.846,.350,225,9,8,10,3,5,4
245,Frank Francisco\francfr01,32,NYM,42.1,,48,197,175,27,47,10,3,5,6,0,21,47,.269,.345,.446,.791,.339,78,1,0,0,1,1,3
246,Jason Frasor\frasoja01,34,TOR,43.2,,50,191,164,20,42,12,1,6,6,2,22,53,.256,.347,.451,.799,.336,74,3,2,1,2,1,1
247,Sam Freeman*\freemsa01,25,STL,20.0,,24,86,74,13,17,1,0,2,1,0,10,18,.230,.329,.324,.654,.278,24,2,1,1,0,0,1
248,Christian Friedrich*\friedch01,24,COL,84.2,,16,377,337,61,102,22,1,14,0,1,30,74,.303,.361,.499,.860,.351,168,6,2,6,2,0,3
249,Ernesto Frieri\frierer01,26,TOT,66.0,,67,269,230,20,35,2,1,9,4,1,30,98,.152,.269,.287,.556,.210,66,3,7,1,1,0,4
250,Ernesto Frieri\frierer01,26,SDP,11.2,,11,50,44,5,9,1,0,2,1,0,4,18,.205,.300,.364,.664,.292,16,1,2,0,0,0,1
251,Ernesto Frieri\frierer01,26,LAA,54.1,,56,219,186,15,26,1,1,7,3,1,26,80,.140,.261,.269,.530,.190,50,2,5,1,1,0,3
252,Brian Fuentes*\fuentbr01,36,TOT,30.0,,32,142,123,24,36,7,1,6,2,1,15,24,.293,.369,.512,.881,.316,63,0,1,1,2,0,1
253,Brian Fuentes*\fuentbr01,36,OAK,25.0,,26,116,103,19,30,6,1,5,2,1,10,18,.291,.357,.515,.871,.309,53,0,1,1,1,0,1
254,Brian Fuentes*\fuentbr01,36,STL,5.0,,6,26,20,5,6,1,0,1,0,0,5,6,.300,.423,.500,.923,.357,10,0,0,0,1,0,0
255,Charlie Furbush*\furbuch01,26,SEA,46.1,,48,182,161,15,28,7,0,3,10,3,16,53,.174,.256,.273,.529,.236,44,1,2,2,1,4,1
256,Armando Galarraga\galarar01,30,HOU,24.0,,5,120,98,20,28,7,1,6,5,0,18,17,.286,.403,.561,.965,.289,55,1,2,1,1,1,2
257,Yovani Gallardo\gallayo01,26,MIL,204.0,,33,860,762,86,185,30,3,26,9,3,81,204,.243,.313,.392,.706,.296,299,16,0,11,6,3,7
258,Christian Garcia\garcich02,26,WSN,12.2,,13,48,43,3,8,2,0,2,0,0,2,15,.186,.255,.372,.627,.231,16,1,2,1,0,0,0
259,Freddy Garcia\garcifr03,35,NYY,107.1,,30,461,415,64,112,23,0,18,15,3,35,89,.270,.328,.455,.784,.301,189,7,3,4,4,2,2
260,Jaime Garcia*\garcija02,25,STL,121.2,,20,515,470,58,136,26,3,7,4,5,30,98,.289,.327,.402,.730,.347,189,17,0,8,7,1,5
261,Matt Garza\garzama01,28,CHC,103.2,,18,424,382,48,90,11,2,15,2,3,32,96,.236,.301,.393,.693,.276,150,12,4,5,1,0,6
262,Chad Gaudin\gaudich01,29,MIA,69.1,,46,302,263,39,72,14,2,6,2,2,26,57,.274,.344,.411,.754,.327,108,5,3,8,2,5,2
263,Cory Gearrin\gearrco01,26,ATL,20.0,,22,80,73,4,17,3,1,1,1,0,5,20,.233,.300,.342,.642,.308,25,5,2,0,0,0,1
264,Dillon Gee\geedi01,26,NYM,109.2,,17,463,422,56,108,17,1,12,7,3,29,97,.256,.311,.386,.697,.304,163,9,6,2,3,0,3
265,Steve Geltz\geltzst01,24,LAA,2.0,,2,11,7,1,2,0,1,0,0,0,3,1,.286,.455,.571,1.026,.286,4,0,0,0,1,0,0
266,Craig Gentry\gentrcr01,28,TEX,1.0,,1,7,6,2,3,1,0,0,0,0,1,0,.500,.571,.667,1.238,.500,4,0,0,0,0,0,0
267,Justin Germano\germaju01,29,TOT,69.2,,14,320,284,52,86,13,2,7,5,1,21,52,.303,.362,.437,.799,.346,124,6,7,5,3,2,7
268,Justin Germano\germaju01,29,BOS,5.2,,1,24,22,0,5,1,0,0,1,0,2,7,.227,.292,.273,.564,.333,6,0,0,0,0,0,0
269,Justin Germano\germaju01,29,CHC,64.0,,13,296,262,52,81,12,2,7,4,1,19,45,.309,.368,.450,.818,.347,118,6,7,5,3,2,7
270,Graham Godfrey\godfrgr01,27,OAK,21.0,,5,98,82,18,26,5,0,4,1,2,10,10,.317,.398,.524,.922,.310,43,1,3,0,3,0,2
271,Brandon Gomes\gomesbr01,27,TBR,17.2,,15,83,68,12,16,4,1,2,3,0,12,15,.235,.361,.412,.773,.269,28,2,2,0,1,3,2
272,Jeanmar Gomez\gomezje01,24,CLE,90.2,,20,395,348,66,95,24,0,15,5,2,34,47,.273,.338,.471,.810,.273,164,11,4,2,7,5,3
273,Edgar Gonzalez\gonzaed01,29,HOU,25.0,,6,105,96,14,23,5,2,3,4,0,8,18,.240,.298,.427,.725,.267,41,1,0,1,0,0,0
274,Gio Gonzalez*\gonzagi01,26,WSN,199.1,,32,822,725,69,149,35,3,9,12,1,76,207,.206,.283,.299,.582,.271,217,9,5,9,7,3,8
275,Miguel Gonzalez\gonzami03,28,BAL,105.1,,18,434,391,38,92,19,1,13,2,3,35,77,.235,.305,.389,.694,.261,152,8,5,1,2,2,0
276,Mike Gonzalez*\gonzami02,34,WSN,35.2,,47,151,131,14,31,10,1,2,4,0,16,39,.237,.318,.374,.692,.319,49,3,0,3,1,0,2
277,Tom Gorzelanny*\gorzeto01,29,WSN,72.0,,45,306,269,27,65,17,2,7,5,1,30,62,.242,.320,.398,.718,.287,107,9,2,3,2,1,3
278,Jeff Gray\grayje02,30,MIN,52.0,,49,236,209,34,58,11,2,9,5,1,22,26,.278,.356,.478,.834,.280,100,5,4,0,1,0,2
279,Luke Gregerson\gregelu01,28,SDP,71.2,,77,294,265,19,57,10,0,7,5,1,21,72,.215,.280,.332,.612,.269,88,4,3,5,0,3,6
280,Kevin Gregg\greggke01,34,BAL,43.2,,40,200,172,26,50,8,1,6,2,1,24,37,.291,.385,.453,.838,.338,78,6,3,0,1,2,3
281,Zack Greinke\greinza01,28,TOT,212.1,,34,868,803,84,200,32,4,18,9,7,54,200,.249,.297,.366,.663,.310,294,17,2,7,2,0,6
282,Zack Greinke\greinza01,28,MIL,123.0,,21,504,473,49,120,20,4,7,5,5,28,122,.254,.295,.357,.653,.328,169,10,0,3,0,0,5
283,Zack Greinke\greinza01,28,LAA,89.1,,13,364,330,35,80,12,0,11,4,2,26,78,.242,.300,.379,.679,.284,125,7,2,4,2,0,1
284,A.J. Griffin\griffaj01,24,OAK,82.1,,15,336,314,29,74,6,0,10,1,3,19,64,.236,.280,.350,.630,.264,110,2,1,0,2,0,3
285,Jason Grilli\grillja01,35,PIT,58.2,,64,244,217,20,45,8,1,7,3,0,22,90,.207,.285,.350,.635,.314,76,1,2,2,1,4,1
286,Justin Grimm\grimmju01,23,TEX,14.0,,5,65,60,14,22,8,0,1,2,2,3,13,.367,.385,.550,.935,.438,33,0,0,0,2,0,0
287,Javy Guerra\guerrja01,26,LAD,45.0,,45,196,166,13,44,6,1,1,1,0,23,37,.265,.354,.331,.685,.331,55,6,1,4,2,5,2
288,Matt Guerrier\guerrma02,33,LAD,14.0,,16,56,46,6,8,1,0,3,3,1,7,9,.174,.291,.391,.682,.143,18,1,1,1,1,1,0
289,Jeremy Guthrie\guthrje01,33,TOT,181.2,,33,788,715,109,206,47,1,30,8,4,50,101,.288,.340,.483,.822,.298,345,15,9,8,6,2,10
290,Jeremy Guthrie\guthrje01,33,COL,90.2,,19,422,376,72,122,36,1,21,8,3,31,45,.324,.384,.593,.977,.323,223,10,7,5,3,2,5
291,Jeremy Guthrie\guthrje01,33,KCR,91.0,,14,366,339,37,84,11,0,9,0,1,19,56,.248,.289,.360,.649,.271,122,5,2,3,3,0,5
292,Eric Hacker\hackeer01,29,SFG,9.2,,4,45,42,6,14,3,0,2,2,1,2,8,.333,.378,.548,.925,.375,23,0,1,0,0,1,1
293,Nick Hagadone*\hagadni01,26,CLE,25.1,,27,116,99,18,26,4,0,4,4,1,15,26,.263,.353,.424,.778,.310,42,1,0,0,2,0,1
294,Roy Halladay\hallaro01,35,PHI,156.1,,25,646,594,78,155,27,3,18,13,6,36,132,.261,.306,.407,.713,.304,242,10,5,5,6,0,1
295,Cole Hamels*\hamelco01,28,PHI,215.1,,31,867,802,80,190,32,4,24,23,11,52,216,.237,.285,.377,.661,.293,302,10,3,6,4,3,6
296,Jason Hammel\hammeja01,29,BAL,118.0,,20,493,445,48,104,18,0,9,6,4,42,113,.234,.302,.335,.637,.293,149,8,2,3,1,2,4
297,Justin Hampson*\hampsju01,32,NYM,10.0,,13,37,31,4,6,0,1,0,2,1,5,4,.194,.306,.258,.564,.222,8,4,0,1,0,0,1
298,Brad Hand*\handbr01,22,MIA,3.2,,1,23,17,7,6,2,0,1,2,0,6,3,.353,.522,.647,1.169,.385,11,0,0,0,0,1,0
299,Joel Hanrahan\hanrajo01,30,PIT,59.2,,63,254,214,18,40,7,1,8,9,0,36,67,.187,.307,.341,.648,.230,73,2,1,3,0,0,1
300,Tommy Hanson\hansoto01,25,ATL,174.2,,31,761,675,95,183,45,2,27,31,11,71,161,.271,.344,.464,.808,.319,313,10,5,8,2,5,6
301,J.A. Happ*\happja01,29,TOT,144.2,,28,627,556,79,147,39,5,19,10,1,56,144,.264,.332,.455,.787,.322,253,11,2,9,4,1,3
302,J.A. Happ*\happja01,29,HOU,104.1,,18,457,408,58,112,25,4,17,7,1,39,98,.275,.338,.480,.818,.322,196,8,1,7,2,0,2
303,J.A. Happ*\happja01,29,TOR,40.1,,10,170,148,21,35,14,1,2,3,0,17,46,.236,.315,.385,.701,.324,57,3,1,2,2,1,1
304,Aaron Harang\haranaa01,34,LAD,179.2,,31,786,678,85,167,42,4,14,8,4,85,131,.246,.329,.382,.711,.282,259,13,4,9,10,10,12
305,Dan Haren\harenda01,31,LAA,176.2,,30,747,691,95,190,42,2,28,9,2,38,142,.275,.312,.463,.775,.306,320,15,3,7,8,3,6
306,Lucas Harrell\harrelu01,27,HOU,193.2,,32,827,730,90,185,27,7,13,18,5,78,140,.253,.322,.363,.685,.293,265,16,1,8,10,5,8
307,Will Harris\harriwi10,27,COL,17.2,,20,89,79,18,27,6,0,3,0,0,6,19,.342,.391,.532,.922,.414,42,0,1,2,1,1,2
308,Matt Harrison*\harrima01,26,TEX,213.1,,32,876,813,82,210,40,7,22,1,3,59,133,.258,.309,.406,.714,.285,330,27,1,1,2,0,5
309,Matt Harvey\harvema01,23,NYM,59.1,,10,245,210,19,42,12,1,5,0,0,26,70,.200,.293,.338,.631,.268,71,5,3,3,3,0,0
310,Chris Hatcher\hatchch02,27,MIA,14.2,,11,66,59,9,17,5,0,3,0,0,6,10,.288,.364,.525,.889,.304,31,1,1,0,0,0,0
311,LaTroy Hawkins\hawkila01,39,LAA,42.0,,48,178,161,20,45,5,0,5,13,1,13,23,.280,.331,.404,.735,.299,65,3,0,3,1,1,3
312,Deunte Heath\heathde01,26,CHW,2.0,,3,7,6,1,1,0,0,1,0,0,1,1,.167,.286,.667,.952,.000,4,1,0,0,0,0,0
313,Jeremy Hefner\hefneje01,26,NYM,93.2,,26,408,383,55,110,28,3,9,5,1,18,62,.287,.322,.446,.768,.323,171,4,2,4,1,1,3
314,Jeremy Hellickson\hellije01,25,TBR,177.0,,31,741,669,68,163,29,1,25,7,3,59,124,.244,.307,.402,.710,.264,269,16,4,4,3,3,7
315,Jim Henderson\hendeji01,29,MIL,30.2,,36,131,113,12,26,3,1,1,5,0,13,45,.230,.308,.301,.609,.357,34,0,1,1,3,0,0
316,Liam Hendriks\hendrli01,23,MIN,85.1,,16,381,347,61,106,19,4,17,7,2,26,50,.305,.360,.530,.890,.317,184,10,4,3,1,3,4
317,Clay Hensley\henslcl01,32,SFG,50.2,,60,234,194,30,50,8,1,5,9,0,30,42,.258,.361,.387,.747,.300,75,4,3,4,3,2,4
318,David Hernandez\hernada01,27,ARI,68.1,,72,278,252,21,48,9,1,4,2,0,22,98,.190,.263,.282,.544,.291,71,1,3,0,1,1,1
319,Felix Hernandez\hernafe02,26,SEA,232.0,,33,939,867,84,209,30,4,14,17,7,56,223,.241,.296,.333,.629,.309,289,23,12,2,2,0,4
320,Livan Hernandez\hernali01,37,TOT,67.1,,44,292,265,48,84,11,1,15,1,1,16,48,.317,.354,.536,.890,.337,142,8,1,7,3,4,1
321,Livan Hernandez\hernali01,37,ATL,31.0,,18,136,121,17,40,5,0,5,1,1,8,19,.331,.366,.496,.862,.354,60,3,0,5,2,4,1
322,Livan Hernandez\hernali01,37,MIL,36.1,,26,156,144,31,44,6,1,10,0,0,8,29,.306,.344,.569,.914,.321,82,5,1,2,1,0,0
323,Pedro Hernandez*\hernape02,23,CHW,4.0,,1,25,24,8,12,1,0,3,0,0,1,2,.500,.520,.917,1.437,.474,22,0,0,0,0,0,0
324,Roberto Hernandez\carmofa01,31,CLE,14.1,,3,62,56,15,17,4,1,4,1,1,3,2,.304,.339,.625,.964,.250,35,1,1,0,2,0,1
325,David Herndon\herndda01,26,PHI,7.2,,5,33,30,4,10,3,0,1,1,1,1,8,.333,.355,.533,.888,.429,16,1,0,2,0,0,0
326,Kelvin Herrera\herreke01,22,KCR,84.1,,76,344,316,24,79,11,3,4,12,4,21,77,.250,.301,.342,.643,.319,108,8,2,5,0,6,2
327,Frank Herrmann\herrmfr01,28,CLE,19.1,,15,71,67,5,12,6,0,1,1,1,4,14,.179,.225,.313,.539,.212,21,2,0,0,0,0,0
328,Rich Hill*\hillri01,32,BOS,19.2,,25,83,72,4,17,4,2,0,5,1,11,21,.236,.337,.347,.685,.333,25,3,0,0,0,1,2
329,Shawn Hill\hillsh01,31,TOR,3.0,,1,11,9,0,0,0,0,0,0,0,2,0,.000,.182,.000,.182,.000,0,1,0,0,0,0,1
330,Alex Hinshaw*\hinshal01,29,TOT,28.1,,33,135,111,19,27,4,0,8,2,0,21,36,.243,.373,.495,.869,.284,55,0,2,1,0,2,0
331,Alex Hinshaw*\hinshal01,29,SDP,28.0,,31,129,106,14,23,4,0,5,2,0,20,36,.217,.352,.396,.748,.277,42,0,2,1,0,2,0
332,Alex Hinshaw*\hinshal01,29,CHC,0.1,,2,6,5,5,4,0,0,3,0,0,1,0,.800,.833,2.600,3.433,.500,13,0,0,0,0,0,0
333,Luke Hochevar\hochelu01,28,KCR,185.1,,32,800,719,127,202,44,6,27,15,7,61,144,.281,.347,.471,.818,.318,339,17,13,4,3,3,6
334,Derek Holland*\hollade01,25,TEX,175.1,,29,730,666,100,162,29,5,32,9,3,52,145,.243,.299,.446,.745,.264,297,9,3,5,4,0,7
335,Greg Holland\hollagr01,26,KCR,67.0,,67,289,248,22,58,12,3,2,2,2,34,91,.234,.323,.331,.653,.354,82,6,0,4,3,7,4
336,J.J. Hoover\hoovejj01,24,CIN,30.2,,28,123,106,7,17,3,1,2,1,0,13,31,.160,.248,.264,.512,.200,28,2,0,2,2,1,4
337,Jeremy Horst*\horstje01,26,PHI,31.1,,32,125,109,8,21,6,0,1,1,3,14,40,.193,.290,.275,.566,.294,30,4,1,1,0,1,2
338,Tommy Hottovy*\hottoto01,30,KCR,9.1,,9,42,36,3,11,4,0,2,0,0,5,6,.306,.405,.583,.988,.321,21,2,1,0,0,0,0
339,J.P. Howell*\howeljp01,29,TBR,50.1,,55,203,175,17,39,7,0,7,3,4,22,42,.223,.323,.383,.706,.254,67,5,4,2,0,2,1
340,Daniel Hudson\hudsoda01,25,ARI,45.1,,9,202,187,37,62,12,0,9,3,1,12,37,.332,.370,.540,.910,.373,101,6,0,2,1,0,1
341,Tim Hudson\hudsoti01,36,ATL,179.0,,28,749,678,77,168,29,6,12,2,5,48,102,.248,.304,.361,.666,.275,245,9,9,10,4,2,6
342,David Huff*\huffda01,27,CLE,26.2,,6,114,107,14,30,4,1,5,1,2,5,19,.280,.316,.477,.792,.298,51,1,1,0,1,0,1
343,Jared Hughes\hugheja02,26,PIT,75.2,,66,316,288,30,65,17,4,7,17,0,22,50,.226,.292,.385,.677,.251,111,10,5,1,0,4,8
344,Phil Hughes\hugheph01,26,NYY,191.1,,32,815,758,101,196,42,3,35,4,3,46,165,.259,.305,.460,.765,.286,349,10,6,1,4,0,6
345,Philip Humber\humbeph01,29,CHW,102.0,,26,462,409,74,113,17,2,23,15,1,44,85,.276,.349,.496,.846,.295,203,6,4,1,4,1,3
346,Tommy Hunter\hunteto02,25,BAL,133.2,,33,573,533,85,161,18,3,32,1,4,27,77,.302,.337,.527,.864,.300,281,21,4,3,6,2,7
347,Drew Hutchison\hutchdr01,21,TOR,58.2,,11,257,230,31,59,14,1,8,5,1,20,49,.257,.328,.430,.759,.293,99,3,5,1,1,0,0
348,Ryota Igarashi\igarary01,33,TOT,4.0,,4,26,21,8,9,3,0,0,0,0,5,5,.429,.538,.571,1.110,.563,12,0,0,0,0,0,0
349,Ryota Igarashi\igarary01,33,TOR,1.0,,2,10,8,4,5,1,0,0,0,0,2,2,.625,.700,.750,1.450,.833,6,0,0,0,0,0,0
350,Ryota Igarashi\igarary01,33,NYY,3.0,,2,16,13,4,4,2,0,0,0,0,3,3,.308,.438,.462,.899,.400,6,0,0,0,0,0,0
351,Jason Isringhausen\isrinja01,39,LAA,45.2,,50,198,175,22,44,9,0,7,7,1,19,31,.251,.320,.423,.743,.264,74,2,0,1,3,3,1
352,Hisashi Iwakuma\iwakuhi01,31,SEA,125.1,,30,519,471,49,117,22,0,17,10,7,43,101,.248,.315,.403,.718,.282,190,19,3,1,1,3,5
353,Edwin Jackson\jacksed01,28,WSN,189.2,,31,790,713,90,173,42,8,23,7,5,58,168,.243,.298,.421,.719,.283,300,11,2,9,8,5,7
354,Kenley Jansen\janseke01,24,LAD,65.0,,65,252,226,18,33,7,2,6,5,0,22,99,.146,.230,.274,.504,.221,62,1,3,0,1,1,0
355,Casey Janssen\janssca01,30,TOR,63.2,,62,242,226,18,44,4,2,7,3,2,11,67,.195,.241,.323,.564,.242,73,3,3,1,1,1,1
356,Jeremy Jeffress\jeffrje01,24,KCR,13.1,,13,73,60,14,19,3,1,0,2,0,13,13,.317,.438,.400,.838,.404,24,1,0,0,0,0,2
357,Chad Jenkins\jenkich01,24,TOR,32.0,,13,136,123,16,32,5,0,5,2,0,11,16,.260,.326,.423,.749,.265,52,4,1,1,0,1,0
358,Dan Jennings*\jennida01,25,MIA,19.0,,22,86,73,5,18,4,1,2,1,0,11,8,.247,.360,.411,.771,.254,30,3,2,0,0,1,0
359,Kevin Jepsen\jepseke01,27,LAA,44.2,,49,178,160,17,39,5,1,3,4,1,12,38,.244,.303,.344,.647,.300,55,6,2,3,1,1,1
360,Ubaldo Jimenez\jimenub01,28,CLE,176.2,,31,805,697,116,190,36,7,25,32,5,95,143,.273,.365,.452,.817,.310,315,11,8,2,3,3,4
361,Jim Johnson\johnsji04,29,BAL,68.2,,71,269,250,21,55,7,0,3,3,2,15,41,.220,.272,.284,.556,.252,71,8,3,1,0,1,2
362,Josh Johnson\johnsjo09,28,MIA,191.1,,31,798,713,84,180,29,4,14,27,3,65,165,.252,.315,.363,.678,.306,259,16,4,8,8,7,4
363,Rob Johnson\johnsro07,29,NYM,1.0,,1,3,3,0,0,0,0,0,0,0,0,1,.000,.000,.000,.000,.000,0,0,0,0,0,0,0
364,Steve Johnson\johnsst02,24,BAL,38.1,,12,151,132,9,23,3,0,4,0,4,18,46,.174,.273,.288,.561,.232,38,1,0,1,0,1,0
365,Nate Jones\jonesna01,26,CHW,71.2,,65,301,262,19,67,11,1,4,3,1,32,65,.256,.334,.351,.686,.320,92,11,1,2,4,3,1
366,Jair Jurrjens\jurrjja01,26,ATL,48.1,,11,227,206,40,72,16,0,8,9,4,18,19,.350,.404,.544,.948,.358,112,5,1,2,0,0,1
367,Jeff Karstens\karstje01,29,PIT,90.2,,19,372,348,41,89,17,1,8,8,0,15,66,.256,.288,.379,.667,.295,132,6,1,7,1,0,3
368,Shawn Kelley\kellesh01,28,SEA,44.1,,47,190,168,20,43,8,1,5,2,1,15,45,.256,.312,.405,.717,.314,68,1,0,4,3,6,1
369,Casey Kelly\kellyca01,22,SDP,29.0,,6,136,121,23,39,8,0,5,1,2,10,26,.322,.383,.512,.896,.378,62,1,2,3,0,1,2
370,Joe Kelly\kellyjo05,24,STL,107.0,,24,457,413,50,112,20,3,10,8,5,36,75,.271,.333,.407,.740,.310,168,10,3,4,1,2,5
371,Kyle Kendrick\kendrky01,27,PHI,159.1,,37,674,606,76,154,34,2,20,8,3,49,116,.254,.315,.416,.731,.283,252,12,7,8,4,4,7
372,Ian Kennedy\kenneia01,27,ARI,208.1,,33,899,812,101,216,50,9,28,4,3,55,187,.266,.322,.453,.775,.312,368,9,14,13,5,4,7
373,Clayton Kershaw*\kershcl01,24,LAD,227.2,,33,901,810,70,170,38,3,16,8,12,63,229,.210,.270,.323,.593,.271,262,17,5,18,4,5,10
374,Dallas Keuchel*\keuchda01,24,HOU,85.1,,16,377,325,56,93,15,0,14,9,2,39,38,.286,.361,.462,.823,.286,150,10,1,9,3,1,5
375,Craig Kimbrel\kimbrcr01,24,ATL,62.2,,63,231,215,7,27,1,0,3,8,1,14,116,.126,.186,.172,.358,.250,37,3,2,0,0,0,2
376,Josh Kinney\kinnejo01,33,SEA,32.0,,35,136,115,14,24,8,0,3,4,0,15,36,.209,.311,.357,.668,.269,41,1,3,1,2,3,0
377,Brandon Kintzler\kintzbr01,27,MIL,16.2,,14,72,65,7,18,4,0,1,0,1,7,14,.277,.347,.385,.732,.340,25,2,0,0,0,1,0
378,Michael Kirkman*\kirkmmi01,25,TEX,35.1,,28,151,132,16,24,5,0,5,1,0,17,38,.182,.278,.333,.611,.211,44,2,1,0,1,1,6
379,Corey Kluber\klubeco01,26,CLE,63.0,,12,281,258,44,76,18,2,9,15,3,18,54,.295,.350,.484,.834,.344,125,7,4,1,0,0,5
380,Tom Koehler\koehlto01,26,MIA,13.1,,8,56,54,8,15,5,0,4,0,0,2,13,.278,.304,.593,.896,.297,32,1,0,0,0,1,0
381,George Kontos\kontoge01,27,SFG,43.2,,44,177,163,15,34,7,2,3,3,2,12,44,.209,.260,.331,.591,.263,54,3,0,0,2,0,4
382,Bobby Korecky\korecbo01,32,TOR,1.0,,1,5,4,2,1,0,0,1,0,0,1,0,.250,.400,1.000,1.400,.000,4,0,0,0,0,0,0
383,Hiroki Kuroda\kurodhi01,37,NYY,219.2,,33,891,822,86,205,50,2,25,17,8,51,167,.249,.299,.406,.705,.284,334,23,8,7,3,2,8
384,Aaron Laffey*\laffeaa01,27,TOR,100.2,,22,429,385,56,100,18,1,17,4,2,37,48,.260,.333,.444,.777,.259,171,10,5,2,0,1,2
385,John Lannan*\lannajo01,27,WSN,32.2,,6,144,122,15,33,7,2,0,3,1,14,17,.270,.364,.361,.725,.314,44,6,4,4,0,1,1
386,Mat Latos\latosma01,24,CIN,209.1,,33,858,777,87,179,41,4,25,17,3,64,185,.230,.291,.390,.681,.270,303,16,4,9,3,9,6
387,Tommy Layne*\layneto01,27,SDP,16.2,,26,68,61,6,9,1,1,0,1,0,3,25,.148,.224,.197,.421,.250,12,0,3,1,0,0,3
388,Brandon League\leagubr01,29,TOT,72.0,,74,301,264,27,65,8,1,1,11,3,33,54,.246,.332,.295,.628,.306,78,9,1,3,0,7,1
389,Brandon League\leagubr01,29,SEA,44.2,,46,193,171,20,48,5,1,1,4,1,19,27,.281,.353,.339,.692,.329,58,5,0,3,0,3,1
390,Brandon League\leagubr01,29,LAD,27.1,,28,108,93,7,17,3,0,0,7,2,14,27,.183,.296,.215,.511,.258,20,4,1,0,0,4,0
391,Mike Leake\leakemi01,24,CIN,179.0,,30,757,700,97,201,46,5,26,8,6,41,116,.287,.326,.479,.805,.310,335,16,3,6,7,3,4
392,Wade LeBlanc*\leblawa01,27,MIA,68.2,,25,284,258,30,71,10,1,7,2,5,19,43,.275,.326,.403,.729,.306,104,7,1,5,1,1,1
393,Sam LeCure\lecursa01,28,CIN,57.1,,48,237,208,22,46,9,2,3,2,3,23,61,.221,.300,.327,.627,.297,68,6,1,4,1,2,1
394,Cliff Lee*\leecl02,33,PHI,211.0,,30,847,812,79,207,43,3,26,4,3,28,207,.255,.278,.411,.690,.310,334,21,0,3,4,0,7
395,Chris Leroux\lerouch01,28,PIT,11.1,,10,48,44,9,11,1,0,1,2,0,2,12,.250,.298,.341,.639,.323,15,1,1,1,0,0,2
396,Jon Lester*\lestejo01,28,BOS,205.1,,33,876,792,117,216,49,5,25,13,3,68,166,.273,.331,.442,.773,.314,350,27,4,5,7,2,6
397,Colby Lewis\lewisco01,32,TEX,105.0,,16,427,404,48,99,21,4,16,8,3,14,93,.245,.279,.436,.715,.279,176,5,6,1,2,0,2
398,Brad Lidge\lidgebr01,35,WSN,9.1,,11,51,39,10,12,5,1,1,3,0,11,10,.308,.460,.564,1.024,.393,22,0,0,1,0,5,0
399,Ted Lilly*\lillyte01,36,LAD,48.2,,8,202,177,23,36,4,2,3,7,2,19,31,.203,.285,.299,.584,.228,53,3,2,2,2,1,4
400,Tim Lincecum\linceti01,28,SFG,186.0,,33,825,713,111,183,42,5,23,25,2,90,190,.257,.341,.426,.767,.316,304,8,4,11,6,3,4
401,Brad Lincoln\lincobr01,27,TOT,88.0,,52,362,332,37,80,18,2,14,9,2,24,88,.241,.293,.434,.727,.286,144,4,1,4,1,2,1
402,Brad Lincoln\lincobr01,27,PIT,59.1,,28,239,222,19,51,9,2,8,8,2,14,60,.230,.278,.396,.675,.279,88,3,1,2,0,1,1
403,Brad Lincoln\lincobr01,27,TOR,28.2,,24,123,110,18,29,9,0,6,1,0,10,28,.264,.322,.509,.831,.299,56,1,0,2,1,1,0
404,Josh Lindblom\lindbjo01,25,TOT,71.0,,74,304,263,31,61,11,0,13,4,5,35,70,.232,.331,.422,.753,.267,111,5,4,2,0,2,3
405,Josh Lindblom\lindbjo01,25,LAD,47.2,,48,197,174,16,42,6,0,9,3,3,18,43,.241,.323,.431,.754,.270,75,5,3,2,0,0,1
406,Josh Lindblom\lindbjo01,25,PHI,23.1,,26,107,89,15,19,5,0,4,1,2,17,27,.213,.346,.404,.750,.259,36,0,1,0,0,2,2
407,Matt Lindstrom\lindsma01,32,TOT,47.0,,46,200,180,17,45,5,1,2,8,0,14,40,.250,.320,.322,.642,.309,58,4,5,0,1,2,2
408,Matt Lindstrom\lindsma01,32,BAL,36.1,,34,155,138,14,35,4,0,2,5,0,12,30,.254,.329,.326,.655,.308,45,3,4,0,1,2,2
409,Matt Lindstrom\lindsma01,32,ARI,10.2,,12,45,42,3,10,1,1,0,3,0,2,10,.238,.289,.310,.598,.313,13,1,1,0,0,0,0
410,Francisco Liriano*\liriafr01,28,TOT,156.2,,34,693,587,97,143,25,4,19,16,2,87,167,.244,.344,.397,.741,.303,233,11,7,4,8,5,2
411,Francisco Liriano*\liriafr01,28,MIN,100.0,,22,440,372,63,89,19,1,12,13,2,55,109,.239,.338,.392,.730,.298,146,7,4,2,7,4,2
412,Francisco Liriano*\liriafr01,28,CHW,56.2,,12,253,215,34,54,6,3,7,3,0,32,58,.251,.355,.405,.759,.311,87,4,3,2,1,1,0
413,Jeff Locke*\lockeje01,24,PIT,34.1,,8,148,135,21,36,3,0,6,4,2,11,34,.267,.327,.422,.749,.316,57,3,1,1,0,0,2
414,Kameron Loe\loeka01,30,MIL,68.1,,70,303,275,41,78,18,0,9,7,2,20,55,.284,.339,.447,.786,.327,123,5,3,5,0,3,6
415,Boone Logan*\loganbo02,27,NYY,55.1,,80,239,205,23,48,14,0,6,3,1,28,68,.234,.328,.390,.718,.313,80,1,2,1,3,6,0
416,Kyle Lohse\lohseky01,33,STL,211.0,,33,864,804,74,192,41,3,19,6,4,38,143,.239,.274,.368,.642,.267,296,12,4,11,7,1,16
417,Javier Lopez*\lopezja02,34,SFG,36.0,,70,153,137,13,37,8,1,1,1,0,14,28,.270,.336,.365,.700,.330,50,9,0,1,1,3,3
418,Rodrigo Lopez\lopezro02,36,CHC,6.1,,4,34,25,6,8,1,2,0,0,1,5,2,.320,.438,.520,.958,.333,13,0,1,2,1,0,2
419,Wilton Lopez\lopezwi01,28,HOU,66.1,,64,260,244,18,61,10,1,4,1,0,8,54,.250,.277,.348,.626,.303,85,8,2,4,2,2,1
420,Aaron Loup*\loupaa01,24,TOR,30.2,,33,117,112,10,26,6,1,0,3,3,2,21,.232,.243,.304,.547,.283,34,0,0,2,1,0,1
421,Shane Loux\louxsh01,32,SFG,25.1,,19,112,102,15,32,9,1,3,0,2,9,9,.314,.369,.510,.879,.322,52,3,0,0,0,1,0
422,Derek Lowe\lowede01,39,TOT,142.2,,38,640,578,88,180,36,1,10,7,2,51,55,.311,.367,.429,.796,.328,248,23,3,3,5,5,6
423,Derek Lowe\lowede01,39,CLE,119.0,,21,542,486,79,156,34,0,8,7,2,45,41,.321,.378,.440,.819,.335,214,21,3,3,5,3,6
424,Derek Lowe\lowede01,39,NYY,23.2,,17,98,92,9,24,2,1,2,0,0,6,14,.261,.306,.370,.676,.289,34,2,0,0,0,2,0
425,Mark Lowe\lowema01,29,TEX,39.1,,36,162,146,15,35,8,1,5,0,1,13,28,.240,.296,.411,.707,.259,60,2,0,0,3,0,0
426,Cory Luebke*\luebkco01,27,SDP,31.0,,5,130,120,10,28,5,2,1,3,2,8,23,.233,.281,.333,.615,.281,40,1,0,2,0,0,4
427,Josh Lueke\luekejo01,27,TBR,3.1,,3,21,16,7,9,2,1,0,0,0,3,2,.563,.571,.813,1.384,.563,13,0,0,0,2,0,0
428,Lucas Luetge*\luetglu01,25,SEA,40.2,,63,178,149,20,37,3,1,3,4,0,24,38,.248,.350,.342,.693,.306,51,5,1,1,3,6,0
429,Jordan Lyles\lylesjo01,21,HOU,141.1,,25,628,570,97,159,26,3,20,10,4,42,99,.279,.332,.440,.772,.305,251,11,5,6,4,4,16
430,Lance Lynn\lynnla01,25,STL,176.0,,35,744,663,76,168,36,7,16,9,9,64,180,.253,.327,.401,.728,.323,266,16,10,4,3,3,5
431,Brandon Lyon\lyonbr01,32,TOT,61.0,,67,258,233,21,56,11,0,5,15,2,20,63,.240,.307,.352,.659,.307,82,1,3,1,1,3,1
432,Brandon Lyon\lyonbr01,32,HOU,36.0,,37,154,141,13,37,5,0,3,7,1,11,35,.262,.325,.362,.686,.330,51,1,2,0,0,2,0
433,Brandon Lyon\lyonbr01,32,TOR,25.0,,30,104,92,8,19,6,0,2,8,1,9,28,.207,.282,.337,.619,.270,31,0,1,1,1,1,1
434,Mike MacDougal\macdomi01,35,LAD,5.2,,7,32,26,5,9,2,0,0,1,0,6,4,.346,.469,.423,.892,.409,11,0,0,0,0,0,0
435,Jean Machi\machije01,30,SFG,6.2,,8,28,27,5,7,1,0,2,0,0,1,4,.259,.286,.519,.804,.238,14,0,0,0,0,0,0
436,Paul Maholm*\maholpa01,30,TOT,189.0,,32,786,711,80,178,37,6,20,6,6,53,140,.250,.311,.404,.714,.285,287,19,11,7,4,3,7
437,Paul Maholm*\maholpa01,30,CHC,120.1,,21,503,450,51,115,22,4,12,5,4,34,81,.256,.319,.402,.721,.285,181,15,10,5,4,2,4
438,Paul Maholm*\maholpa01,30,ATL,68.2,,11,283,261,29,63,15,2,8,1,2,19,59,.241,.295,.406,.702,.284,106,4,1,2,0,1,3
439,Mitch Maier\maiermi01,30,KCR,1.0,,1,3,3,0,1,0,0,0,0,0,0,0,.333,.333,.333,.667,.333,1,1,0,0,0,0,0
440,Scott Maine*\mainesc01,27,TOT,26.2,,30,127,102,18,30,6,0,3,3,0,15,32,.294,.397,.441,.838,.380,45,2,5,1,4,0,1
441,Scott Maine*\mainesc01,27,CHC,20.2,,21,94,74,11,17,4,0,2,1,0,12,26,.230,.355,.365,.720,.306,27,1,4,1,3,0,1
442,Scott Maine*\mainesc01,27,CLE,6.0,,9,33,28,7,13,2,0,1,2,0,3,6,.464,.515,.643,1.158,.545,18,1,1,0,1,0,0
443,Matt Maloney*\malonma02,28,MIN,11.0,,9,52,49,10,17,8,1,2,2,0,1,5,.347,.365,.673,1.039,.349,33,0,1,0,1,0,0
444,Jeff Manship\manshje01,27,MIN,21.2,,12,98,89,19,29,5,0,4,1,0,7,12,.326,.381,.517,.898,.342,46,2,1,1,0,1,0
445,Shaun Marcum\marcush01,30,MIL,124.0,,21,527,474,57,116,25,3,16,13,3,41,109,.245,.309,.411,.720,.285,195,4,4,6,2,2,3
446,Jhan Marinez\marinjh01,23,CHW,2.2,,2,11,8,0,2,0,0,0,0,0,2,1,.250,.400,.250,.650,.286,2,0,0,1,0,1,0
447,Carlos Marmol\marmoca01,29,CHC,55.1,,61,247,200,24,40,10,0,4,6,0,45,72,.200,.352,.310,.662,.290,62,7,2,0,0,0,2
448,Nick Maronde*\maronni01,22,LAA,6.0,,12,27,23,1,6,1,0,0,0,0,3,7,.261,.333,.304,.638,.353,7,0,0,0,1,0,0
449,Jason Marquis\marquja01,33,TOT,127.2,,22,561,505,86,146,28,4,23,17,7,42,91,.289,.346,.497,.843,.311,251,13,4,6,4,3,9
450,Jason Marquis\marquja01,33,MIN,34.0,,7,160,140,33,52,7,1,9,2,1,14,12,.371,.434,.629,1.063,.355,88,9,3,1,2,0,0
451,Jason Marquis\marquja01,33,SDP,93.2,,15,401,365,53,94,21,3,14,15,6,28,79,.258,.311,.447,.757,.292,163,4,1,5,2,3,9
452,Sean Marshall*\marshse01,29,CIN,61.0,,73,256,237,18,55,7,1,3,1,2,16,74,.232,.289,.308,.597,.325,73,1,3,0,0,2,2
453,Luis Marte\martelu01,25,DET,22.1,,13,93,83,7,19,3,0,4,0,0,9,19,.229,.312,.410,.721,.250,34,3,1,0,0,0,0
454,Victor Marte\martevi01,31,STL,40.1,,48,185,167,22,51,13,0,6,4,1,14,36,.305,.364,.491,.855,.357,82,3,2,1,1,2,1
455,Cristhian Martinez\marticr01,30,ATL,73.2,,54,313,289,33,80,21,2,6,4,0,19,65,.277,.319,.426,.745,.336,123,9,0,3,2,4,3
456,Joe Martinez\martijo07,29,ARI,1.0,,1,5,5,1,2,1,0,0,0,0,0,1,.400,.400,.600,1.000,.500,3,0,0,0,0,0,0
457,Justin Masterson\masteju01,27,CLE,206.1,,34,906,788,122,212,36,2,18,25,7,88,159,.269,.348,.388,.736,.312,306,26,13,6,11,1,8
458,Joe Mather\mathejo02,29,CHC,0.1,,1,2,2,0,1,0,0,0,0,0,0,0,.500,.500,.500,1.000,.500,1,0,0,0,0,0,0
459,Jeff Mathis\mathije01,29,TOR,2.0,,2,11,10,2,4,3,0,0,0,0,1,0,.400,.455,.700,1.155,.400,7,0,0,0,0,0,0
460,Daisuke Matsuzaka\matsuda01,31,BOS,45.2,,11,215,189,43,58,11,2,11,11,0,20,41,.307,.377,.561,.938,.336,106,1,3,0,3,0,0
461,Ryan Mattheus\matthry01,28,WSN,66.1,,66,265,237,22,57,14,1,8,2,1,19,41,.241,.300,.409,.710,.255,97,12,3,2,4,5,2
462,Brian Matusz*\matusbr01,25,BAL,98.0,,34,441,395,61,112,26,1,15,2,3,41,81,.284,.349,.468,.817,.321,185,9,0,2,3,4,8
463,Vin Mazzaro\mazzavi01,25,KCR,44.0,,18,198,173,29,55,6,0,3,12,2,19,26,.318,.391,.405,.795,.356,70,6,3,1,2,2,0
464,Zach McAllister\mcallza01,24,CLE,125.1,,22,543,497,78,133,33,0,19,18,1,38,110,.268,.318,.449,.767,.306,223,6,1,2,5,0,3
465,Brandon McCarthy\mccarbr01,28,OAK,111.0,,18,469,430,44,115,24,0,10,13,3,24,73,.267,.313,.393,.706,.299,169,8,6,5,4,2,4
466,Kyle McClellan\mccleky01,28,STL,18.2,,16,83,72,11,16,5,0,2,1,0,9,11,.222,.325,.375,.700,.237,27,1,2,0,0,0,0
467,Mike McClendon\mcclemi01,27,MIL,14.0,,9,69,58,11,20,5,0,1,4,0,5,4,.345,.424,.483,.907,.358,28,0,3,3,0,0,1
468,Daniel McCutchen\mccutda01,29,PIT,0.0,,1,2,1,2,1,0,0,1,1,0,1,0,1.000,1.000,4.000,5.000,,4,0,0,0,0,0,0
469,Darnell McDonald\mcdonda02,33,BOS,1.0,,1,6,4,3,2,1,0,1,0,1,2,0,.500,.667,1.500,2.167,.333,6,0,0,0,0,0,0
470,James McDonald\mcdonja03,27,PIT,171.0,,30,713,631,85,147,35,5,21,12,4,69,151,.233,.311,.404,.715,.272,255,15,4,5,4,6,5
471,Jake McGee*\mcgeeja01,25,TBR,55.1,,69,212,197,13,33,3,1,3,0,0,11,73,.168,.213,.239,.452,.244,47,3,1,0,2,4,5
472,Collin McHugh\mchugco01,25,NYM,21.1,,8,99,86,21,27,5,5,5,2,2,8,17,.314,.381,.663,1.044,.338,57,1,2,2,1,2,1
473,Kyle McPherson\mcpheky01,24,PIT,26.1,,10,107,97,8,24,3,0,3,4,2,7,21,.247,.311,.371,.682,.288,36,3,2,1,0,0,1
474,Kris Medlen\medlekr01,26,ATL,138.0,,50,520,496,26,103,17,2,6,5,2,23,120,.208,.243,.286,.529,.262,142,13,0,1,0,0,2
475,Evan Meek\meekev01,29,PIT,12.0,,12,57,49,9,14,2,0,1,1,0,6,8,.286,.375,.388,.763,.325,19,0,1,1,0,0,0
476,Jenrry Mejia\mejiaje01,22,NYM,16.0,,5,74,64,10,20,4,1,2,2,0,9,8,.313,.397,.500,.897,.333,32,2,0,1,0,0,1
477,Mark Melancon\melanma01,27,BOS,45.0,,41,194,176,31,45,9,0,8,0,1,12,41,.256,.311,.443,.754,.287,78,1,3,1,2,1,1
478,Luis Mendoza\mendolu01,28,KCR,166.0,,30,709,632,84,176,29,5,15,7,7,59,104,.278,.348,.411,.759,.311,260,22,11,2,5,3,2
479,Jose Mijares*\mijarjo01,27,TOT,56.1,,78,242,210,18,50,12,2,3,6,1,21,57,.238,.315,.357,.672,.307,75,2,4,4,3,3,3
480,Jose Mijares*\mijarjo01,27,KCR,38.2,,51,168,145,13,36,8,1,3,5,1,13,37,.248,.321,.379,.701,.306,55,1,4,3,3,1,2
481,Jose Mijares*\mijarjo01,27,SFG,17.2,,27,74,65,5,14,4,1,0,1,0,8,20,.215,.301,.308,.609,.311,20,1,0,1,0,2,1
482,Miles Mikolas\mikolmi01,23,SDP,32.1,,25,144,125,15,32,6,1,4,1,0,15,23,.256,.345,.416,.761,.286,52,1,2,2,0,0,2
483,Wade Miley*\mileywa01,25,ARI,194.2,,32,807,757,79,193,46,9,14,3,6,37,144,.255,.290,.395,.685,.297,299,15,2,8,3,0,14
484,Andrew Miller*\millean01,27,BOS,40.1,,53,169,144,15,28,5,0,3,0,0,20,51,.194,.296,.292,.588,.269,42,1,2,0,3,1,1
485,Jim Miller\milleji02,30,OAK,48.2,,33,211,180,15,39,8,0,6,10,0,27,44,.217,.327,.361,.688,.252,65,2,3,0,1,2,0
486,Shelby Miller\millesh01,21,STL,13.2,,6,54,49,2,9,1,0,0,0,0,4,16,.184,.259,.204,.463,.273,10,1,1,0,0,0,0
487,Brad Mills*\millsbr02,27,LAA,5.0,,1,18,18,0,3,1,0,0,0,0,0,6,.167,.167,.222,.389,.250,4,0,0,0,0,0,0
488,Kevin Millwood\millwke01,37,SEA,161.0,,28,689,620,86,168,29,5,13,18,3,56,107,.271,.332,.397,.729,.308,246,20,3,6,4,3,8
489,Tommy Milone*\milonto01,25,OAK,190.0,,31,791,745,90,207,33,2,24,8,10,36,137,.278,.313,.424,.738,.312,316,19,4,3,3,2,12
490,Mike Minor*\minormi01,24,ATL,179.1,,30,728,651,88,151,30,3,26,10,2,56,145,.232,.294,.407,.702,.256,265,17,5,8,8,7,4
491,D.J. Mitchell\mitchdj01,25,NYY,4.2,,4,24,21,2,7,1,0,1,0,0,3,2,.333,.417,.524,.940,.333,11,0,0,0,0,0,1
492,Matt Moore*\moorema02,23,TBR,177.1,,31,759,663,85,158,38,1,18,19,4,81,175,.238,.326,.380,.706,.295,252,17,7,3,4,5,6
493,Franklin Morales*\moralfr01,26,BOS,76.1,,37,325,286,38,64,9,1,11,8,2,30,76,.224,.308,.378,.685,.262,108,5,6,0,3,3,6
494,Bryan Morris\morribr01,25,PIT,5.0,,5,20,16,2,2,0,0,0,2,0,2,6,.125,.250,.125,.375,.182,2,0,1,0,1,0,0
495,Brandon Morrow\morrobr01,27,TOR,124.2,,21,504,457,45,98,28,0,12,4,1,41,108,.214,.280,.354,.635,.253,162,8,2,1,3,0,4
496,Clayton Mortensen\mortecl01,27,BOS,42.0,,26,173,151,15,32,6,0,7,4,2,19,41,.212,.301,.391,.691,.238,59,2,1,0,2,2,0
497,Charlie Morton\mortoch02,28,PIT,50.1,,9,223,203,30,62,12,3,5,4,0,11,25,.305,.344,.468,.812,.326,95,7,2,5,2,1,5
498,Guillermo Moscoso\moscogu01,28,COL,50.0,,23,231,209,34,67,10,2,8,7,1,19,47,.321,.378,.502,.881,.381,105,3,1,1,1,0,1
499,Dustin Moseley\moseldu01,30,SDP,5.0,,1,22,19,5,5,2,0,1,2,0,2,4,.263,.318,.526,.844,.267,10,0,0,0,1,0,0
500,Guillermo Mota\motagu01,38,SFG,20.2,,26,91,80,13,24,8,1,3,2,2,8,24,.300,.374,.538,.911,.389,43,1,2,0,1,0,1
501,Jason Motte\motteja01,30,STL,72.0,,67,279,257,23,49,9,0,9,3,2,17,86,.191,.245,.331,.576,.245,85,4,2,2,1,1,1
502,Jamie Moyer*\moyerja01,49,COL,53.2,,10,254,229,40,75,17,0,11,7,2,18,36,.328,.380,.546,.926,.350,125,9,2,4,1,2,9
503,Peter Moylan\moylape01,33,ATL,5.0,,8,21,18,3,3,0,0,1,1,0,2,2,.167,.250,.333,.583,.133,6,0,0,1,0,0,1
504,Edward Mujica\mujiced01,28,TOT,65.1,,70,258,243,24,56,10,2,7,1,1,12,47,.230,.268,.374,.643,.258,91,8,1,1,1,3,5
505,Edward Mujica\mujiced01,28,MIA,39.0,,41,161,150,21,36,5,1,6,1,0,9,26,.240,.286,.407,.692,.252,61,5,1,0,1,2,4
506,Edward Mujica\mujiced01,28,STL,26.1,,29,97,93,3,20,5,1,1,0,1,3,21,.215,.240,.323,.562,.268,30,3,0,1,0,1,1
507,Brett Myers\myersbr01,31,TOT,65.1,,70,272,249,30,65,10,2,8,1,2,15,41,.261,.307,.414,.721,.281,103,6,3,2,3,2,2
508,Brett Myers\myersbr01,31,HOU,30.2,,35,134,123,17,35,3,2,4,0,0,6,20,.285,.323,.439,.762,.307,54,3,2,1,2,1,1
509,Brett Myers\myersbr01,31,CHW,34.2,,35,138,126,13,30,7,0,4,1,2,9,21,.238,.292,.389,.681,.255,49,3,1,1,1,1,1
510,Chris Narveson*\narvech01,30,MIL,9.0,,2,41,34,8,10,3,0,2,1,0,4,5,.294,.350,.559,.909,.276,19,1,0,1,2,0,1
511,Joe Nathan\nathajo01,37,TEX,64.1,,66,257,238,23,55,9,0,7,3,1,13,78,.231,.273,.357,.631,.308,85,6,2,1,3,1,4
512,Pat Neshek\neshepa01,31,OAK,19.2,,24,77,68,3,10,2,0,3,2,0,6,16,.147,.221,.309,.530,.137,21,1,1,0,2,1,2
513,Juan Nicasio\nicasju01,25,COL,58.0,,11,257,230,37,72,11,4,7,3,5,22,54,.313,.374,.487,.861,.382,112,5,1,3,1,1,1
514,Jeff Niemann\niemaje01,29,TBR,38.0,,8,156,141,17,30,6,1,2,8,1,12,34,.213,.282,.312,.594,.264,44,4,2,0,1,0,4
515,Jon Niese*\niesejo01,25,NYM,190.1,,30,788,723,77,174,29,0,22,8,2,49,155,.241,.291,.372,.663,.276,269,16,4,8,4,2,9
516,Hector Noesi\noesihe01,25,SEA,106.2,,22,453,402,71,107,22,4,21,6,5,39,68,.266,.329,.498,.826,.269,200,9,2,3,7,1,1
517,Ricky Nolasco\nolasri01,29,MIA,191.0,,31,832,751,100,214,32,9,18,14,4,47,125,.285,.331,.423,.755,.319,318,21,8,19,6,9,10
518,Jordan Norberto*\norbejo01,25,OAK,52.0,,39,212,185,17,37,9,0,5,3,2,22,46,.200,.284,.330,.614,.234,61,1,1,1,3,2,1
519,Bud Norris\norribu01,27,HOU,168.1,,29,733,650,90,165,37,2,23,13,10,66,165,.254,.329,.423,.752,.306,275,6,8,7,2,2,5
520,Ivan Nova\novaiv01,25,NYY,170.1,,28,748,673,100,194,52,7,28,7,3,56,153,.288,.349,.511,.860,.333,344,19,10,3,6,3,5
521,Darren O'Day\odayda01,29,BAL,67.0,,69,263,242,17,49,16,2,6,4,2,14,69,.202,.254,.360,.613,.256,87,5,3,3,1,2,2
522,Eric O'Flaherty*\oflaher01,27,ATL,57.1,,64,230,205,14,47,6,0,3,1,2,19,46,.229,.300,.302,.602,.280,62,11,2,3,1,2,3
523,Jake Odorizzi\odorija01,22,KCR,7.1,,2,34,30,4,8,1,1,1,2,0,4,4,.267,.353,.467,.820,.280,14,0,0,0,0,0,0
524,Alexi Ogando\ogandal01,28,TEX,66.0,,58,263,241,26,49,8,1,9,5,0,17,66,.203,.259,.357,.615,.237,86,4,2,0,3,1,3
525,Ross Ohlendorf\ohlenro01,29,SDP,48.2,,13,233,204,44,62,16,2,7,10,0,24,39,.304,.380,.505,.885,.348,103,0,1,4,0,0,2
526,Will Ohman*\ohmanwi01,34,CHW,26.2,,32,112,101,19,23,2,0,6,0,0,5,13,.228,.304,.426,.729,.207,43,4,6,0,0,0,2
527,Darren Oliver*\oliveda02,41,TOR,56.2,,62,221,201,13,43,7,0,3,8,4,15,52,.214,.282,.294,.575,.274,59,6,4,1,0,0,0
528,Lester Oliveros\olivele01,24,MIN,1.2,,1,7,6,1,1,1,0,0,0,0,1,1,.167,.286,.333,.619,.200,2,0,0,0,0,0,0
529,Garrett Olson*\olsonga01,28,NYM,0.1,,1,5,4,4,3,1,1,0,0,0,1,0,.750,.800,1.500,2.300,.750,6,0,0,0,0,0,0
530,Brian Omogrosso\omogrbr01,28,CHW,21.0,,17,90,81,6,20,5,0,3,2,1,9,18,.247,.322,.420,.742,.283,34,1,0,0,0,0,1
531,Logan Ondrusek\ondrulo01,27,CIN,54.2,,63,243,207,23,51,8,0,8,1,0,31,39,.246,.351,.401,.752,.267,83,7,3,1,1,4,1
532,Jose Ortega\ortegjo01,23,DET,2.2,,2,13,12,1,3,1,0,1,0,0,1,4,.250,.308,.583,.891,.286,7,0,0,0,0,0,1
533,Roy Oswalt\oswalro01,34,TEX,59.0,,17,264,247,41,79,17,3,11,2,2,11,59,.320,.356,.547,.903,.384,135,6,3,3,0,0,1
534,Dan Otero\oteroda01,27,SFG,12.1,,12,57,53,11,19,5,1,0,1,1,2,8,.358,.404,.491,.894,.422,26,2,2,0,0,1,1
535,Adam Ottavino\ottavad01,26,COL,79.0,,53,339,300,42,76,11,1,9,16,1,34,81,.253,.330,.387,.717,.318,116,10,1,3,1,7,4
536,Josh Outman*\outmajo01,27,COL,40.2,,27,185,162,37,47,11,1,7,3,1,20,40,.290,.366,.500,.866,.345,81,2,0,2,1,0,0
537,Micah Owings\owingmi01,29,SDP,9.2,,6,41,35,4,8,2,0,1,0,1,5,7,.229,.341,.371,.713,.259,13,2,1,0,0,0,1
538,Vicente Padilla\padilvi01,34,BOS,50.0,,56,218,198,26,59,13,2,7,4,1,15,51,.298,.355,.490,.845,.369,97,8,3,1,1,3,0
539,Matt Palmer\palmema01,33,SDP,2.0,,3,10,7,2,2,0,0,1,0,0,2,2,.286,.444,.714,1.159,.250,5,0,0,1,0,0,0
540,Jonathan Papelbon\papeljo01,31,PHI,70.0,,70,284,259,22,56,7,1,8,8,3,18,92,.216,.278,.344,.621,.302,89,3,4,3,0,1,2
541,Blake Parker\parkebl01,27,CHC,6.0,,7,32,27,7,10,0,0,3,1,0,5,6,.370,.469,.704,1.172,.389,19,2,0,0,0,1,1
542,Jarrod Parker\parkeja02,23,OAK,181.1,,29,751,670,71,166,37,2,11,21,6,63,140,.248,.312,.358,.670,.294,240,17,3,7,8,3,3
543,Bobby Parnell\parnebo01,27,NYM,68.2,,74,288,261,24,65,11,1,4,1,0,20,61,.249,.303,.345,.648,.308,90,9,1,4,2,2,6
544,Manny Parra*\parrama01,29,MIL,58.2,,62,273,234,39,62,16,0,3,12,3,35,61,.265,.366,.372,.738,.345,87,6,3,0,1,2,3
545,Joe Paterson*\paterjo01,26,ARI,2.2,,6,26,23,11,15,4,0,2,0,0,3,0,.652,.692,1.087,1.779,.619,25,0,0,0,0,0,0
546,Troy Patton*\pattotr01,26,BAL,55.2,,54,224,209,15,45,10,0,5,1,0,12,49,.215,.263,.335,.598,.256,70,4,2,0,1,2,1
547,David Pauley\pauleda01,29,TOT,16.2,,10,82,73,13,27,4,0,2,1,0,5,6,.370,.420,.507,.927,.379,37,1,2,1,1,1,0
548,David Pauley\pauleda01,29,LAA,10.1,,5,49,45,6,16,2,0,1,1,0,3,4,.356,.396,.467,.862,.375,21,1,0,1,0,1,0
549,David Pauley\pauleda01,29,TOR,6.1,,5,33,28,7,11,2,0,1,0,0,2,2,.393,.455,.571,1.026,.385,16,0,2,0,1,0,0
550,Felipe Paulino\paulife01,28,KCR,37.2,,7,156,139,8,31,8,2,3,2,2,15,39,.223,.297,.374,.671,.286,52,1,0,1,1,0,1
551,Carl Pavano\pavanca01,36,MIN,63.0,,11,268,256,46,80,21,1,9,7,1,8,33,.313,.337,.508,.845,.330,130,10,2,1,1,2,3
552,Jake Peavy\peavyja01,31,CHW,219.0,,32,882,816,88,191,36,4,27,9,8,49,194,.234,.284,.387,.671,.273,316,14,10,1,6,1,6
553,Mike Pelfrey\pelfrmi01,28,NYM,19.2,,3,85,80,5,24,2,1,0,2,1,4,13,.300,.333,.350,.683,.358,28,2,0,1,0,0,1
554,Brad Penny\pennybr01,34,SFG,28.0,,22,133,122,22,42,8,0,4,3,1,9,10,.344,.394,.508,.902,.352,62,4,1,1,0,2,3
555,Joel Peralta\peraljo01,36,TBR,67.0,,76,264,245,28,49,14,1,9,3,1,17,84,.200,.254,.376,.629,.261,92,1,1,0,1,2,0
556,Wily Peralta\peralwi01,23,MIL,29.0,,6,113,99,8,24,4,0,0,1,3,11,23,.242,.318,.283,.601,.316,28,3,0,3,0,0,1
557,Luis Perdomo\perdolu01,28,MIN,17.0,,15,78,63,8,15,6,0,0,2,0,12,8,.238,.372,.333,.705,.268,21,4,2,0,1,1,2
558,Chris Perez\perezch01,26,CLE,57.2,,61,242,221,25,49,8,4,6,3,0,16,59,.222,.277,.376,.652,.270,83,3,2,0,3,1,4
559,Juan Perez*\perezju01,33,MIL,7.0,,10,35,26,4,6,1,0,2,1,0,8,10,.231,.429,.500,.929,.286,13,1,1,0,0,1,0
560,Luis Perez*\perezlu01,27,TOR,42.0,,35,175,156,16,38,7,0,3,1,1,16,39,.244,.326,.346,.672,.307,54,6,3,0,0,0,1
561,Martin Perez*\perezma02,21,TEX,38.0,,12,177,158,26,47,10,3,3,1,1,15,25,.297,.364,.456,.819,.336,72,3,2,1,1,1,3
562,Oliver Perez*\perezol01,30,SEA,29.2,,33,123,111,7,27,6,0,1,0,0,10,24,.243,.303,.324,.628,.299,36,1,0,1,1,2,0
563,Rafael Perez*\perezra01,30,CLE,7.2,,8,31,27,3,5,2,0,1,1,0,4,4,.185,.290,.370,.661,.182,10,1,0,0,0,1,0
564,Glen Perkins*\perkigl01,29,MIN,70.1,,70,281,257,25,57,9,1,8,2,3,16,78,.222,.273,.358,.631,.283,92,5,3,3,2,3,3
565,Ryan Perry\perryry01,25,WSN,8.0,,7,35,33,9,12,2,1,2,2,1,2,3,.364,.400,.667,1.067,.357,22,1,0,0,0,0,0
566,Vinnie Pestano\pestavi01,27,CLE,70.0,,70,286,256,20,53,15,0,7,4,2,24,76,.207,.283,.348,.631,.263,89,3,4,0,2,1,2
567,Yusmeiro Petit\petityu01,27,SFG,4.2,,1,22,17,2,7,0,0,0,1,2,4,1,.412,.524,.412,.936,.438,7,0,0,1,0,0,0
568,Andy Pettitte*\pettian01,40,NYY,75.1,,12,303,280,26,65,6,1,8,4,5,21,69,.232,.286,.346,.632,.281,97,7,0,2,0,0,3
569,David Phelps\phelpda01,25,NYY,99.2,,33,414,363,38,81,12,1,14,3,1,38,96,.223,.305,.377,.682,.262,137,7,6,4,3,2,2
570,Zach Phillips*\phillza01,25,BAL,6.0,,6,28,25,4,7,2,0,2,0,0,3,5,.280,.357,.600,.957,.278,15,0,0,0,0,1,0
571,Drew Pomeranz*\pomerdr01,23,COL,96.2,,22,434,372,57,97,17,2,14,10,2,46,83,.261,.345,.430,.775,.297,160,4,4,8,4,2,6
572,Stu Pomeranz\pomerst01,27,BAL,6.0,,3,26,25,2,7,0,0,1,0,0,1,3,.280,.308,.400,.708,.286,10,0,0,0,0,0,0
573,Rick Porcello\porceri01,23,DET,176.1,,31,783,728,101,226,53,2,16,18,5,44,107,.310,.353,.455,.808,.345,331,21,6,2,3,3,8
574,David Price*\priceda01,26,TBR,211.0,,31,836,767,63,173,23,0,16,11,10,59,205,.226,.284,.318,.602,.286,244,20,5,2,3,2,4
575,Stephen Pryor\pryorst01,22,SEA,23.0,,26,104,87,13,22,5,1,5,2,0,13,27,.253,.343,.506,.849,.298,44,3,0,2,2,2,2
576,Luke Putkonen\putkolu01,26,DET,16.0,,12,72,63,7,19,4,1,0,1,1,8,10,.302,.380,.397,.777,.358,25,2,0,1,0,1,0
577,Zach Putnam\putnaza01,24,COL,2.0,,2,9,7,0,3,0,0,0,0,0,1,0,.429,.500,.429,.929,.429,3,0,0,1,0,0,0
578,J.J. Putz\putzjj01,35,ARI,54.1,,57,218,202,18,45,10,0,4,0,0,11,65,.223,.269,.332,.600,.306,67,4,2,2,1,1,0
579,Chad Qualls\quallch01,33,TOT,52.1,,60,231,212,34,63,16,0,7,12,1,14,27,.297,.338,.472,.809,.311,100,5,0,2,2,4,2
580,Chad Qualls\quallch01,33,TOT,45.0,,52,198,183,29,53,13,0,7,8,1,11,25,.290,.328,.475,.804,.303,87,3,0,2,1,3,2
581,Chad Qualls\quallch01,33,PHI,31.1,,35,140,129,18,39,9,0,7,5,1,9,19,.302,.348,.535,.883,.311,69,3,0,1,0,3,1
582,Chad Qualls\quallch01,33,NYY,7.1,,8,33,29,5,10,3,0,0,4,0,3,2,.345,.394,.448,.842,.357,13,2,0,0,1,1,0
583,Chad Qualls\quallch01,33,PIT,13.2,,17,58,54,11,14,4,0,0,3,0,2,6,.259,.281,.333,.614,.286,18,0,0,1,1,0,1
584,Jose Quintana*\quintjo01,23,CHW,136.1,,25,568,517,62,142,28,3,14,7,4,42,81,.275,.332,.422,.754,.303,218,14,3,5,1,4,3
585,Brooks Raley*\raleybr01,24,CHC,24.1,,5,116,104,23,33,3,0,7,2,1,11,16,.317,.383,.548,.931,.321,57,1,0,1,0,0,1
586,Elvin Ramirez\ramirel02,24,NYM,21.1,,20,102,81,13,24,7,1,1,1,1,20,22,.296,.431,.444,.876,.390,36,3,0,0,1,1,0
587,Erasmo Ramirez\ramirer02,22,SEA,59.0,,16,238,217,26,47,8,2,6,4,0,12,48,.217,.262,.355,.616,.244,77,4,3,1,5,1,4
588,Ramon Ramirez\ramirra02,30,NYM,63.2,,58,277,235,33,58,8,3,4,10,2,35,52,.247,.341,.357,.698,.297,84,5,0,3,3,4,0
589,AJ Ramos\ramosaj01,25,MIA,9.1,,11,40,35,4,8,1,0,2,0,1,4,13,.229,.325,.429,.754,.300,15,0,1,0,0,0,0
590,Cesar Ramos*\ramosce01,28,TBR,30.0,,17,120,108,7,19,0,0,2,3,0,10,29,.176,.258,.231,.490,.221,25,1,2,0,0,0,1
591,Clay Rapada*\rapadcl01,31,NYY,38.1,,70,155,135,14,29,5,0,2,1,0,17,38,.215,.305,.296,.601,.281,40,5,1,1,1,1,1
592,Jon Rauch\rauchjo01,33,NYM,57.2,,73,233,215,28,45,11,1,7,5,0,12,42,.209,.250,.367,.617,.224,79,3,1,1,4,2,4
593,Todd Redmond\redmoto01,27,CIN,3.1,,1,22,17,4,7,1,0,1,2,0,5,2,.412,.545,.647,1.193,.429,11,0,0,0,0,0,0
594,Addison Reed\reedad01,23,CHW,55.0,,62,238,214,30,57,15,1,6,7,1,18,54,.266,.324,.430,.753,.323,92,4,2,0,4,3,2
595,Chris Resop\resopch01,29,PIT,73.2,,61,330,293,35,81,14,1,6,6,1,24,46,.276,.329,.392,.722,.304,115,3,2,5,6,6,8
596,Matt Reynolds*\reynoma02,27,COL,57.1,,71,249,223,31,65,15,1,11,2,3,17,51,.291,.337,.516,.853,.329,115,5,0,6,3,4,6
597,Clayton Richard*\richacl01,28,SDP,218.2,,33,910,853,110,228,44,3,31,8,4,42,107,.267,.304,.435,.739,.273,371,22,6,3,6,4,13
598,Garrett Richards\richaga01,24,LAA,71.0,,30,318,275,46,77,19,1,7,8,2,34,47,.280,.361,.433,.793,.311,119,9,3,2,4,1,4
599,Scott Richmond\richmsc01,32,TOR,3.0,,3,15,14,2,5,0,0,1,0,0,0,2,.357,.333,.571,.905,.333,8,0,0,0,1,0,1
600,Mariano Rivera\riverma01,42,NYY,8.1,,9,32,30,2,6,1,1,0,0,0,2,8,.200,.250,.300,.550,.273,9,1,0,0,0,2,0
601,David Robertson\roberda08,27,NYY,60.2,,65,248,227,19,52,8,2,5,8,1,19,81,.229,.290,.348,.638,.331,79,5,1,0,1,0,1
602,Tyler Robertson*\roberty01,24,MIN,25.0,,40,111,94,16,21,2,0,4,3,2,14,26,.223,.327,.372,.700,.262,35,1,1,1,1,3,1
603,Fernando Rodney\rodnefe01,35,TBR,74.2,,76,282,258,9,43,2,0,2,2,1,15,76,.167,.219,.198,.417,.225,51,5,3,4,2,1,5
604,Aneury Rodriguez\rodrian01,24,HOU,6.0,,1,22,19,2,2,0,0,2,1,0,2,6,.105,.190,.421,.612,.000,8,0,0,1,0,0,0
605,Fernando Rodriguez Jr.\rodrife02,28,HOU,70.1,,71,309,270,45,68,11,3,10,20,1,34,78,.252,.336,.426,.761,.315,115,3,1,2,2,7,2
606,Francisco Rodriguez\rodrifr03,30,MIL,72.0,,78,305,270,37,65,13,2,8,12,0,31,72,.241,.316,.393,.708,.295,106,7,0,1,3,1,1
607,Henry Rodriguez\rodrihe03,25,WSN,29.1,,35,131,105,20,19,2,0,4,7,2,22,31,.181,.326,.314,.640,.211,33,1,1,2,1,0,2
608,Paco Rodriguez*\rodrist02,21,LAD,6.2,,11,26,22,1,3,0,0,0,1,0,4,6,.136,.269,.136,.406,.188,3,0,0,0,0,1,0
609,Wandy Rodriguez*\rodriwa01,33,TOT,205.2,,34,875,805,99,205,41,3,21,16,4,56,139,.255,.304,.391,.695,.283,315,15,3,6,5,4,17
610,Wandy Rodriguez*\rodriwa01,33,HOU,130.2,,21,558,516,66,134,32,2,13,10,4,32,89,.260,.304,.405,.709,.290,209,9,2,5,3,2,14
611,Wandy Rodriguez*\rodriwa01,33,PIT,75.0,,13,317,289,33,71,9,1,8,6,0,24,50,.246,.304,.367,.671,.270,106,6,1,1,2,2,3
612,Josh Roenicke\roenijo01,29,COL,88.2,,63,383,328,40,85,14,4,9,3,2,43,54,.259,.345,.409,.753,.283,134,12,2,6,4,3,4
613,Esmil Rogers\rogeres01,26,TOT,78.2,,67,348,309,42,83,16,3,7,1,1,30,83,.269,.341,.408,.749,.344,126,6,5,2,2,4,1
614,Esmil Rogers\rogeres01,26,COL,25.2,,23,131,111,23,36,5,3,2,0,1,18,29,.324,.427,.477,.905,.425,53,2,2,0,0,2,0
615,Esmil Rogers\rogeres01,26,CLE,53.0,,44,217,198,19,47,11,0,5,1,0,12,54,.237,.288,.369,.657,.298,73,4,3,2,2,2,1
616,Mark Rogers\rogerma01,26,MIL,39.0,,7,165,148,17,36,10,0,5,3,0,14,41,.243,.311,.412,.723,.301,61,3,1,1,1,0,1
617,J.C. Romero*\romerj.01,36,TOT,12.0,,16,62,57,13,21,3,0,4,2,0,3,6,.368,.403,.632,1.035,.354,36,0,1,0,1,0,1
618,J.C. Romero*\romerj.01,36,STL,8.0,,11,41,38,9,14,2,0,3,1,0,2,5,.368,.415,.658,1.073,.367,25,0,1,0,0,0,0
619,J.C. Romero*\romerj.01,36,BAL,4.0,,5,21,19,4,7,1,0,1,1,0,1,1,.368,.381,.579,.960,.333,11,0,0,0,1,0,1
620,Ricky Romero*\romerri01,27,TOR,181.0,,32,829,703,122,198,48,0,21,13,10,105,124,.282,.381,.440,.820,.315,309,22,10,7,4,1,11
621,Sergio Romo\romose01,29,SFG,55.1,,69,215,200,11,37,6,0,5,8,1,10,63,.185,.235,.290,.525,.242,58,2,3,2,0,1,1
622,Sandy Rosario\rosarsa02,26,MIA,3.0,,4,17,17,6,8,2,0,0,1,0,0,2,.471,.471,.588,1.059,.533,10,1,0,0,0,0,1
623,B.J. Rosenberg\rosenbj01,26,PHI,25.0,,22,106,88,17,18,5,0,4,1,0,14,24,.205,.327,.398,.725,.233,35,3,2,2,0,0,1
624,Trevor Rosenthal\rosentr01,22,STL,22.2,,19,89,80,7,14,1,0,2,1,1,7,25,.175,.250,.263,.513,.226,21,1,1,1,0,0,1
625,Robbie Ross*\rossro01,23,TEX,65.0,,58,265,237,21,55,10,1,3,1,1,23,47,.232,.303,.321,.624,.275,76,11,2,1,2,3,4
626,Tyson Ross\rossty01,25,OAK,73.1,,18,342,294,56,96,19,0,7,10,3,37,46,.327,.407,.463,.870,.365,136,11,5,3,3,3,2
627,Dan Runzler*\runzlda01,27,SFG,3.2,,6,15,10,0,1,0,0,0,1,0,3,5,.100,.333,.100,.433,.167,1,1,1,0,1,1,0
628,Chris Rusin*\rusinch01,25,CHC,29.2,,7,135,121,22,38,6,2,4,2,1,11,21,.314,.385,.496,.881,.354,60,4,3,0,0,0,1
629,James Russell*\russeja02,26,CHC,69.1,,77,292,263,28,67,22,3,5,7,2,23,55,.255,.314,.418,.732,.301,110,7,1,2,3,7,4
630,Marc Rzepczynski*\rzepcma01,26,STL,46.2,,70,196,179,22,46,6,0,7,2,2,17,33,.257,.321,.408,.729,.281,73,8,0,0,0,2,5
631,CC Sabathia*\sabatc.01,31,NYY,200.0,,28,833,774,89,184,39,3,22,10,2,44,197,.238,.285,.381,.666,.290,295,12,8,4,3,2,12
632,Takashi Saito\saitota01,42,ARI,12.0,,16,60,53,14,17,8,0,4,1,0,5,11,.321,.390,.698,1.088,.342,37,0,1,1,0,1,1
633,Fernando Salas\salasfe01,27,STL,58.2,,65,256,223,28,56,13,1,5,3,3,27,60,.251,.335,.386,.720,.323,86,2,1,5,0,5,2
634,Chris Sale*\salech01,23,CHW,192.0,,30,772,711,66,167,37,1,19,14,10,51,192,.235,.291,.370,.660,.294,263,20,6,1,3,5,3
635,Jeff Samardzija\samarje01,27,CHC,174.2,,28,723,654,79,157,30,6,20,15,5,56,180,.240,.302,.396,.698,.299,259,10,4,5,4,2,3
636,Brian Sanches\sanchbr01,33,PHI,6.1,,6,34,31,7,12,2,0,4,0,0,3,5,.387,.441,.839,1.280,.364,26,0,0,0,0,1,0
637,Anibal Sanchez\sanchan01,28,TOT,195.2,,31,820,755,95,200,34,6,20,23,4,48,167,.265,.310,.405,.716,.313,306,14,5,5,7,3,4
638,Anibal Sanchez\sanchan01,28,MIA,121.0,,19,504,460,59,119,23,5,12,9,3,33,110,.259,.308,.409,.717,.312,188,11,2,4,5,2,4
639,Anibal Sanchez\sanchan01,28,DET,74.2,,12,316,295,36,81,11,1,8,14,1,15,57,.275,.314,.400,.714,.315,118,3,3,1,2,1,0
640,Eduardo Sanchez\sanched01,23,STL,15.0,,17,70,54,11,11,2,0,2,0,0,13,13,.204,.362,.352,.714,.225,19,0,1,1,1,4,0
641,Jonathan Sanchez*\sanchjo01,29,TOT,64.2,,15,327,261,60,82,16,7,11,11,4,53,45,.314,.431,.556,.986,.336,145,3,5,2,6,2,2
642,Jonathan Sanchez*\sanchjo01,29,KCR,53.1,,12,270,215,47,65,13,4,8,8,2,44,36,.302,.425,.512,.937,.326,110,2,5,2,4,1,1
643,Jonathan Sanchez*\sanchjo01,29,COL,11.1,,3,57,46,13,17,3,3,3,3,2,9,9,.370,.456,.761,1.217,.389,35,1,0,0,2,1,1
644,Ervin Santana\santaer01,29,LAA,178.0,,30,764,690,109,165,33,3,39,16,2,61,133,.239,.308,.465,.774,.242,321,8,9,2,2,2,10
645,Johan Santana*\santajo02,33,NYM,117.0,,21,499,453,65,117,27,1,17,7,3,39,111,.258,.315,.435,.750,.305,197,8,0,4,3,1,3
646,Hector Santiago*\santihe01,24,CHW,70.1,,42,306,256,26,54,5,0,10,10,1,40,79,.211,.332,.348,.680,.262,89,4,7,2,1,1,0
647,Sergio Santos\santose01,28,TOR,5.0,,6,24,19,5,6,2,0,1,2,0,4,4,.316,.417,.579,.996,.333,11,1,0,0,1,0,0
648,Joe Saunders*\saundjo01,31,TOT,174.2,,28,745,694,88,195,38,3,21,4,6,39,112,.281,.320,.435,.755,.309,302,11,2,7,3,2,7
649,Joe Saunders*\saundjo01,31,ARI,130.0,,21,561,521,68,146,29,3,17,3,5,31,89,.280,.322,.445,.767,.309,232,6,2,5,2,1,6
650,Joe Saunders*\saundjo01,31,BAL,44.2,,7,184,173,20,49,9,0,4,1,1,8,23,.283,.313,.405,.718,.306,70,5,0,2,1,1,1
651,Joe Savery*\saverjo01,26,PHI,25.0,,19,108,95,17,26,7,0,4,0,3,8,16,.274,.330,.474,.804,.286,45,1,1,2,2,1,3
652,Rob Scahill\scahiro01,25,COL,8.2,,6,33,30,1,7,2,0,0,0,1,3,4,.233,.303,.300,.603,.269,9,2,0,0,0,0,1
653,Tanner Scheppers\schepta01,25,TEX,32.1,,39,152,137,18,47,6,0,6,6,0,9,30,.343,.389,.518,.908,.402,71,4,2,3,1,3,2
654,Max Scherzer\scherma01,27,DET,187.2,,32,787,716,82,179,33,6,23,15,9,60,231,.250,.312,.409,.721,.337,293,8,5,5,1,2,2
655,Daniel Schlereth*\schleda01,26,DET,7.0,,6,39,34,10,14,4,1,3,1,0,5,6,.412,.487,.853,1.340,.440,29,2,0,0,0,2,1
656,Michael Schwimer\schwimi01,26,PHI,34.1,,35,147,123,18,30,5,2,3,1,5,16,36,.244,.333,.390,.724,.310,48,0,2,3,3,2,2
657,Chris Schwinden\schwich01,25,NYM,8.2,,3,46,42,13,15,2,2,4,2,0,3,1,.357,.400,.786,1.186,.297,33,0,0,1,0,0,1
658,Evan Scribner\scribev01,26,OAK,35.1,,30,148,136,11,30,12,0,2,2,0,12,30,.221,.284,.353,.637,.269,48,0,0,0,0,0,1
659,Chris Seddon*\seddoch01,28,CLE,34.1,,17,147,132,15,35,3,2,2,3,0,13,18,.265,.327,.364,.690,.289,48,4,0,0,2,1,1
660,Leyson Septimo*\septile01,26,CHW,14.1,,21,58,51,8,8,0,0,3,4,0,6,14,.157,.259,.333,.592,.147,17,0,1,0,0,1,1
661,Bryan Shaw\shawbr01,24,ARI,59.1,,64,252,220,29,60,12,2,4,3,3,24,41,.273,.347,.400,.747,.316,88,8,2,4,2,3,2
662,Ben Sheets\sheetbe01,33,ATL,49.1,,9,207,189,21,52,13,1,6,4,0,13,35,.275,.325,.450,.775,.311,85,5,1,4,0,1,0
663,George Sherrill*\sherrge01,35,SEA,1.1,,2,10,9,4,6,0,0,2,0,0,1,0,.667,.700,1.333,2.033,.571,12,1,0,0,0,0,0
664,James Shields\shielja02,30,TBR,227.2,,33,944,869,103,208,36,7,25,14,2,58,223,.239,.295,.383,.678,.294,333,20,11,3,2,2,12
665,Alfredo Simon\simonal01,31,CIN,61.0,,36,269,236,22,65,15,4,2,6,3,22,52,.275,.348,.398,.747,.341,94,4,6,2,3,1,2
666,Tony Sipp*\sippto01,28,CLE,55.0,,63,233,206,29,47,11,2,9,3,2,23,51,.228,.307,.432,.739,.259,89,0,1,2,1,1,2
667,Tyler Skaggs*\skaggty01,20,ARI,29.1,,6,133,117,20,30,4,0,6,0,1,13,21,.256,.341,.444,.785,.267,52,1,2,1,0,0,1
668,Doug Slaten*\slatedo01,32,PIT,13.0,,10,55,46,4,9,1,0,1,1,0,8,6,.196,.315,.283,.597,.205,13,1,0,1,0,0,0
669,Joe Smith\smithjo05,28,CLE,67.0,,72,278,249,27,53,11,0,4,2,2,25,53,.213,.289,.305,.594,.254,76,6,2,1,1,4,7
670,Will Smith*\smithwi04,22,KCR,89.2,,16,396,355,54,111,19,3,12,8,3,33,59,.313,.368,.485,.853,.343,172,13,1,2,5,1,4
671,Drew Smyly*\smylydr01,23,DET,99.1,,23,416,376,49,93,20,5,12,8,6,33,94,.247,.309,.423,.732,.297,159,6,2,2,3,1,4
672,Miguel Socolovich\socolmi01,25,TOT,16.1,,12,72,63,11,15,1,1,3,3,0,9,12,.238,.333,.429,.762,.250,27,1,0,0,0,0,0
673,Miguel Socolovich\socolmi01,25,BAL,10.1,,6,47,41,8,11,1,1,2,2,0,6,6,.268,.362,.488,.850,.273,20,1,0,0,0,0,0
674,Miguel Socolovich\socolmi01,25,CHC,6.0,,6,25,22,3,4,0,0,1,1,0,3,6,.182,.280,.318,.598,.200,7,0,0,0,0,0,0
675,Rafael Soriano\soriara01,32,NYY,67.2,,69,279,253,17,55,12,2,6,3,1,24,69,.217,.287,.352,.639,.274,89,6,1,0,1,4,5
676,Josh Spence*\spencjo01,24,SDP,10.1,,11,48,43,5,13,1,0,1,1,1,5,10,.302,.375,.395,.770,.375,17,0,0,0,0,1,0
677,Craig Stammen\stammcr01,28,WSN,88.1,,59,370,326,27,70,18,1,7,12,1,36,87,.215,.296,.340,.636,.270,111,7,2,5,1,4,5
678,Tim Stauffer\staufti01,30,SDP,5.0,,1,24,21,4,7,0,0,1,1,1,3,5,.333,.417,.476,.893,.400,10,1,0,0,0,0,1
679,Zach Stewart\stewaza01,25,TOT,35.2,,20,168,161,40,58,9,0,14,4,1,4,19,.360,.377,.677,1.054,.341,109,3,1,1,1,0,2
680,Zach Stewart\stewaza01,25,CHW,30.0,,18,134,128,26,41,4,0,10,3,1,4,16,.320,.338,.586,.924,.301,75,2,0,1,1,0,2
681,Zach Stewart\stewaza01,25,BOS,5.2,,2,34,33,14,17,5,0,4,1,0,0,3,.515,.529,1.030,1.560,.500,34,1,1,0,0,0,0
682,Josh Stinson\stinsjo01,24,MIL,9.1,,6,38,33,1,7,2,0,1,1,0,5,3,.212,.316,.364,.679,.207,12,2,0,0,0,0,0
683,Drew Storen\storedr01,24,WSN,30.1,,37,116,105,8,22,2,0,0,6,0,8,24,.210,.267,.229,.496,.265,24,5,1,0,2,0,0
684,Mickey Storey\storemi01,26,HOU,30.1,,26,127,114,14,27,8,1,2,2,0,10,34,.237,.304,.377,.681,.321,43,2,1,2,0,0,2
685,Dan Straily\straida01,23,OAK,39.1,,7,172,152,19,36,5,0,11,3,1,16,32,.237,.316,.487,.803,.227,74,0,2,1,1,1,2
686,Stephen Strasburg\strasst01,23,WSN,159.1,,28,653,591,62,136,25,3,15,14,2,48,197,.230,.291,.359,.649,.316,212,14,4,6,4,1,6
687,Huston Street\streehu01,28,SDP,39.0,,40,144,131,8,17,5,1,2,1,0,11,47,.130,.196,.229,.425,.181,30,0,0,1,1,1,0
688,Pedro Strop\stroppe01,27,BAL,66.1,,70,283,240,18,52,10,0,2,1,1,37,58,.217,.330,.283,.613,.276,68,9,4,1,1,2,3
689,Eric Stults*\stulter01,32,TOT,99.0,,20,413,370,38,92,15,4,7,8,3,27,55,.249,.300,.368,.667,.272,136,6,2,9,5,0,4
690,Eric Stults*\stulter01,32,CHW,6.2,,2,30,25,2,6,0,0,0,1,0,4,4,.240,.367,.240,.607,.286,6,1,1,0,0,0,0
691,Eric Stults*\stulter01,32,SDP,92.1,,18,383,345,36,86,15,4,7,7,3,23,51,.249,.294,.377,.671,.271,130,5,1,9,5,0,4
692,Michael Stutes\sttuemi01,25,PHI,5.2,,6,29,25,6,7,2,1,0,5,0,4,5,.280,.379,.440,.819,.350,11,0,0,0,0,0,0
693,Jeff Suppan\suppaje01,37,SDP,30.2,,6,137,121,19,34,8,2,4,2,0,13,7,.281,.351,.479,.830,.273,58,3,0,3,0,3,1
694,Anthony Swarzak\swarzan01,26,MIN,96.2,,44,413,373,57,106,22,0,15,1,1,31,62,.284,.334,.464,.798,.301,173,12,0,3,6,8,2
695,Hisanori Takahashi*\takahhi01,37,TOT,50.1,,51,212,195,32,49,15,2,8,1,2,14,52,.251,.300,.472,.772,.301,92,1,0,2,1,1,1
696,Hisanori Takahashi*\takahhi01,37,LAA,42.0,,42,173,161,24,39,13,2,6,1,2,10,41,.242,.285,.460,.745,.287,74,1,0,1,1,1,1
697,Hisanori Takahashi*\takahhi01,37,PIT,8.1,,9,39,34,8,10,2,0,2,0,0,4,11,.294,.368,.529,.898,.381,18,0,0,1,0,0,0
698,Yoshinori Tateyama\tateyyo01,36,TEX,17.0,,14,76,70,19,18,5,0,4,1,0,6,18,.257,.316,.500,.816,.292,35,1,0,0,0,1,2
699,Andrew Taylor*\tayloan01,25,LAA,2.1,,3,14,10,3,3,0,0,0,0,0,4,0,.300,.500,.300,.800,.300,3,0,0,0,0,0,0
700,Junichi Tazawa\tazawju01,26,BOS,44.0,,37,172,163,7,37,7,1,1,4,1,5,45,.227,.257,.301,.558,.305,49,3,2,1,1,0,2
701,Everett Teaford*\teafoev01,28,KCR,61.1,,18,263,239,34,68,9,1,11,2,2,21,35,.285,.346,.469,.815,.294,112,11,2,0,1,0,3
702,Julio Teheran\teherju01,21,ATL,6.1,,2,24,23,4,5,0,0,0,0,0,1,5,.217,.250,.217,.467,.278,5,0,0,0,0,0,0
703,Joe Thatcher*\thatcjo01,30,SDP,31.2,,55,141,120,13,30,3,1,2,2,2,14,39,.250,.338,.342,.680,.346,41,1,3,2,2,3,2
704,Dale Thayer\thayeda01,31,SDP,57.2,,64,235,214,24,53,6,1,4,12,1,12,47,.248,.286,.341,.627,.293,73,2,1,4,4,4,0
705,Justin Thomas*\thomaju01,28,TOT,7.2,,11,37,32,7,12,3,0,1,1,1,3,7,.375,.432,.563,.995,.440,18,0,1,0,1,0,0
706,Justin Thomas*\thomaju01,28,BOS,4.2,,7,25,21,4,10,3,0,0,1,1,2,4,.476,.520,.619,1.139,.556,13,0,1,0,1,0,0
707,Justin Thomas*\thomaju01,28,NYY,3.0,,4,12,11,3,2,0,0,1,0,0,1,3,.182,.250,.455,.705,.143,5,0,0,0,0,0,0
708,Rich Thompson\thompri03,27,TOT,3.0,,3,16,15,4,6,1,0,1,2,0,1,3,.400,.438,.667,1.104,.455,10,0,0,0,0,0,0
709,Rich Thompson\thompri03,27,LAA,2.1,,2,13,12,4,5,1,0,1,2,0,1,3,.417,.462,.750,1.212,.500,9,0,0,0,0,0,0
710,Rich Thompson\thompri03,27,OAK,0.2,,1,3,3,0,1,0,0,0,0,0,0,0,.333,.333,.333,.667,.333,1,0,0,0,0,0,0
711,Tyler Thornburg\thornty01,23,MIL,22.0,,8,95,86,11,24,2,0,8,0,1,7,20,.279,.340,.581,.922,.276,50,2,1,1,0,0,0
712,Matt Thornton*\thornma01,35,CHW,65.0,,74,266,245,27,63,14,1,4,4,2,17,53,.257,.313,.371,.685,.314,91,9,3,1,0,4,3
713,Chris Tillman\tillmch01,24,BAL,86.0,,15,347,319,38,66,18,0,12,4,2,24,66,.207,.263,.376,.639,.222,120,3,1,1,2,0,5
714,Shawn Tolleson\tollesh01,24,LAD,37.2,,40,160,136,19,30,9,0,4,1,0,20,39,.221,.323,.375,.698,.277,51,6,1,2,1,1,3
715,Josh Tomlin\tomlijo01,27,CLE,103.1,,21,452,419,74,126,23,7,18,3,2,25,56,.301,.342,.518,.860,.310,217,13,3,2,3,3,3
716,Carlos Torres\torreca01,29,COL,53.0,,31,231,191,31,49,10,3,2,5,1,26,42,.257,.351,.372,.723,.311,71,4,4,6,4,1,1
717,Jacob Turner\turneja01,21,TOT,55.0,,10,231,212,32,50,8,3,9,2,2,16,36,.236,.287,.429,.716,.243,91,1,0,1,2,3,1
718,Jacob Turner\turneja01,21,DET,12.1,,3,61,53,11,17,2,0,4,0,1,7,7,.321,.393,.585,.978,.302,31,0,0,0,1,1,0
719,Jacob Turner\turneja01,21,MIA,42.2,,7,170,159,21,33,6,3,5,2,1,9,29,.208,.249,.377,.626,.222,60,1,0,1,1,2,1
720,Koji Uehara\ueharko01,37,TEX,36.0,,37,130,125,7,20,4,0,4,1,0,3,43,.160,.178,.288,.466,.203,36,1,0,1,1,0,0
721,Raul Valdes*\valdera02,34,PHI,31.0,,27,113,107,10,18,1,0,3,0,1,5,35,.168,.205,.262,.467,.217,28,2,0,1,0,1,0
722,Jose Valdez\valdejo01,29,HOU,12.0,,12,57,46,4,12,1,0,1,0,0,8,10,.261,.370,.348,.718,.314,16,0,0,3,0,1,1
723,Jose Valverde\valvejo01,34,DET,69.0,,71,294,258,34,59,14,3,3,12,1,27,48,.229,.308,.341,.649,.267,88,3,4,2,3,5,3
724,Rick van den Hurk\vanderi01,27,PIT,2.2,,4,16,14,4,5,0,0,0,0,0,1,3,.357,.438,.357,.795,.455,5,0,1,0,0,0,0
725,Jason Vargas*\vargaja01,29,SEA,217.1,,33,887,820,94,201,35,2,35,10,6,55,141,.245,.293,.421,.714,.255,345,21,3,3,6,1,4
726,Anthony Varvaro\varvaan01,27,ATL,16.2,,12,76,64,11,16,2,1,2,0,0,9,21,.250,.360,.406,.766,.341,26,1,2,1,0,1,1
727,Esmerling Vasquez\vasques01,28,MIN,31.2,,6,141,117,20,32,6,0,2,2,2,19,14,.274,.371,.376,.747,.288,44,1,1,1,3,0,0
728,Donnie Veal*\vealdo01,27,CHW,13.0,,24,49,45,2,5,3,0,0,0,0,4,19,.111,.184,.178,.361,.192,8,0,0,0,0,0,1
729,Jonny Venters*\ventejo01,27,ATL,58.2,,66,262,226,23,61,6,0,6,5,0,28,69,.270,.363,.376,.739,.364,85,9,5,3,0,3,3
730,Jose Veras\verasjo01,31,MIL,67.0,,72,300,255,29,61,9,2,5,10,2,40,79,.239,.344,.349,.694,.324,89,2,2,1,2,1,1
731,Ryan Verdugo*\verdury01,25,KCR,1.2,,1,15,13,6,8,2,0,1,0,0,2,2,.615,.667,1.000,1.667,.700,13,0,0,0,0,0,0
732,Justin Verlander\verlaju01,29,DET,238.1,,33,956,884,81,192,40,2,19,16,4,60,239,.217,.270,.331,.601,.275,293,16,5,4,3,2,9
733,Carlos Villanueva\villaca01,28,TOR,125.1,,38,521,466,59,113,24,1,23,6,5,46,122,.242,.312,.446,.758,.277,208,12,3,2,4,4,3
734,Brayan Villarreal\villabr02,25,DET,54.2,,50,226,189,20,38,7,1,3,11,2,28,66,.201,.299,.296,.595,.278,56,4,1,1,6,3,2
735,Pedro Villarreal\villape01,24,CIN,1.0,,1,3,3,0,0,0,0,0,0,0,0,1,.000,.000,.000,.000,.000,0,0,0,0,0,0,0
736,Nick Vincent\vinceni01,25,SDP,26.1,,27,105,96,5,19,3,0,2,1,1,7,28,.198,.260,.292,.551,.258,28,0,1,1,0,0,0
737,Ryan Vogelsong\vogelry01,34,SFG,189.2,,31,788,707,76,171,38,4,17,10,9,62,158,.242,.309,.379,.688,.287,268,13,8,7,4,7,9
738,Edinson Volquez\volqued01,28,SDP,182.2,,32,802,679,88,160,36,4,14,22,10,105,174,.236,.344,.362,.706,.295,246,11,9,5,4,6,8
739,Chris Volstad\volstch01,25,CHC,111.1,,21,507,448,81,137,21,5,16,19,2,43,61,.306,.365,.482,.847,.319,216,10,3,5,8,4,6
740,Cory Wade\wadeco01,29,NYY,39.0,,39,171,161,29,46,17,1,8,3,0,8,38,.286,.322,.553,.874,.328,89,0,1,0,1,1,1
741,Adam Wainwright\wainwad01,30,STL,198.2,,32,831,758,96,196,40,8,15,2,3,52,184,.259,.309,.392,.701,.320,297,17,6,9,6,3,8
742,Jordan Walden\waldejo01,24,LAA,39.0,,45,172,153,15,35,10,1,3,5,2,18,48,.229,.308,.366,.674,.311,56,0,0,0,1,1,3
743,Kyle Waldrop\waldrky01,26,MIN,21.1,,17,94,85,6,27,2,0,2,2,0,6,7,.318,.383,.412,.795,.329,35,3,3,0,0,1,0
744,Josh Wall\walljo02,25,LAD,5.2,,7,21,19,3,3,1,0,1,0,1,1,4,.158,.238,.368,.607,.143,7,1,1,0,0,0,0
745,P.J. Walters\waltepj01,27,MIN,61.2,,12,271,244,41,71,6,2,12,6,1,22,42,.291,.356,.480,.835,.309,117,9,3,1,1,1,3
746,Chien-Ming Wang\wangch01,32,WSN,32.1,,10,158,133,24,50,11,1,5,4,3,15,15,.376,.442,.586,1.028,.388,78,3,3,4,3,0,0
747,Adam Warren\warread01,24,NYY,2.1,,1,17,15,6,8,1,0,2,1,0,2,1,.533,.588,1.000,1.588,.500,15,0,0,0,0,0,0
748,Tony Watson*\watsoto01,27,PIT,53.1,,68,215,187,21,37,9,1,5,9,1,23,53,.198,.286,.337,.623,.244,63,4,1,2,2,1,1
749,Jered Weaver\weaveje02,29,LAA,188.2,,30,739,686,63,147,24,1,20,9,8,45,142,.214,.265,.340,.605,.241,233,13,4,0,4,0,5
750,Ryan Webb\webbry01,26,MIA,60.1,,65,270,244,30,72,16,1,2,11,3,20,44,.295,.356,.393,.749,.350,96,6,4,0,2,8,3
751,Thad Weber\weberth01,27,DET,4.0,,2,24,22,4,10,3,0,0,1,0,2,1,.455,.500,.591,1.091,.476,13,1,0,0,0,0,1
752,Kyle Weiland\weilaky01,25,HOU,17.2,,3,79,72,13,24,4,0,5,0,2,7,13,.333,.392,.597,.990,.352,43,3,0,0,0,0,0
753,Kip Wells\wellski01,35,SDP,37.1,,7,169,145,23,41,4,2,6,2,3,20,19,.283,.369,.462,.831,.287,67,2,1,1,2,1,3
754,Randy Wells\wellsra01,29,CHC,28.2,,12,143,112,18,35,12,1,1,3,2,24,14,.313,.439,.464,.903,.347,52,1,2,4,1,1,1
755,Andrew Werner*\wernean01,25,SDP,40.1,,8,177,158,26,45,10,2,5,7,1,14,35,.285,.343,.468,.811,.333,74,3,1,2,2,1,1
756,Jake Westbrook\westbja01,34,STL,174.2,,28,751,678,85,191,32,3,12,3,6,52,106,.282,.338,.391,.729,.317,265,23,8,8,5,0,13
757,Dan Wheeler\wheelda01,34,CLE,12.1,,12,61,52,12,17,4,0,3,0,0,7,2,.327,.393,.577,.970,.286,30,0,0,0,2,0,0
758,Alex White\whiteal01,23,COL,98.0,,23,459,396,66,114,25,6,13,13,4,51,64,.288,.374,.480,.854,.315,190,3,5,5,2,9,4
759,Joe Wieland\wielajo01,22,SDP,27.2,,5,119,106,16,26,6,2,5,0,0,9,24,.245,.305,.481,.786,.266,51,2,1,1,2,2,2
760,Tom Wilhelmsen\wilheto01,28,SEA,79.1,,73,326,292,24,59,10,2,5,12,1,29,87,.202,.277,.301,.578,.267,88,5,2,1,2,3,6
761,Adam Wilk*\wilkad01,24,DET,11.0,,3,55,51,11,21,0,0,4,1,1,3,7,.412,.436,.647,1.083,.415,33,0,0,0,1,0,0
762,Jerome Williams\willije01,30,LAA,137.2,,32,572,528,73,139,25,6,17,14,3,35,98,.263,.313,.430,.743,.293,227,15,5,0,4,1,3
763,Brian Wilson\wilsobr01,30,SFG,2.0,,2,12,10,2,4,2,0,0,0,0,2,2,.400,.500,.600,1.100,.500,6,0,0,0,0,0,0
764,C.J. Wilson*\wilsocj01,31,LAA,202.1,,34,865,758,102,181,30,3,19,22,12,91,173,.239,.323,.361,.684,.283,274,23,6,4,6,2,19
765,Justin Wilson*\wilsoju10,24,PIT,4.2,,8,26,22,1,10,3,0,0,2,0,3,7,.455,.520,.591,1.111,.667,13,0,0,1,0,0,0
766,Dewayne Wise*\wisede01,34,TOT,1.2,,2,6,5,0,1,0,0,0,0,0,1,0,.200,.333,.200,.533,.200,1,1,0,0,0,0,0
767,Dewayne Wise*\wisede01,34,NYY,0.2,,1,2,2,0,0,0,0,0,0,0,0,0,.000,.000,.000,.000,.000,0,0,0,0,0,0,0
768,Dewayne Wise*\wisede01,34,CHW,1.0,,1,4,3,0,1,0,0,0,0,0,1,0,.333,.500,.333,.833,.333,1,1,0,0,0,0,0
769,Randy Wolf*\wolfra02,35,TOT,157.2,,30,699,626,103,196,42,6,23,9,6,52,104,.313,.370,.510,.880,.344,319,20,7,10,4,1,5
770,Randy Wolf*\wolfra02,35,MIL,142.1,,25,633,570,94,179,38,6,21,9,5,45,96,.314,.368,.512,.880,.346,292,15,6,8,4,1,4
771,Randy Wolf*\wolfra02,35,BAL,15.1,,5,66,56,9,17,4,0,2,0,1,7,8,.304,.391,.482,.873,.326,27,5,1,2,0,0,1
772,Kerry Wood\woodke02,35,CHC,8.2,,10,42,30,8,8,0,1,1,3,0,11,6,.267,.452,.433,.886,.292,13,2,0,0,1,0,0
773,Travis Wood*\woodtr01,25,CHC,156.0,,26,649,574,80,133,39,3,25,6,1,54,119,.232,.305,.441,.745,.249,253,12,8,9,4,3,3
774,Vance Worley\worleva01,24,PHI,133.0,,23,590,521,69,154,35,4,12,5,6,47,107,.296,.359,.447,.806,.351,233,13,6,11,3,4,11
775,Jamey Wright\wrighja01,37,LAD,67.2,,66,306,267,35,72,9,0,2,10,1,30,54,.270,.350,.326,.676,.329,87,5,4,3,2,7,4
776,Wesley Wright*\wrighwe01,27,HOU,52.1,,77,223,199,20,45,3,3,4,3,1,17,54,.226,.306,.332,.638,.291,66,3,6,1,0,0,2
777,Chris Young\youngch03,33,NYM,115.0,,20,493,442,58,119,30,3,16,19,3,36,80,.269,.324,.459,.784,.294,203,3,2,9,4,5,1
778,Mike Zagurski*\zagurmi01,29,ARI,37.1,,45,163,136,24,37,7,2,5,0,3,19,34,.272,.354,.463,.817,.314,63,4,1,2,5,0,1
779,Carlos Zambrano\zambrca01,31,MIA,132.1,,35,591,491,75,123,18,4,9,0,1,75,95,.251,.356,.358,.715,.289,176,12,10,7,8,1,7
780,Brad Ziegler\zieglbr01,32,ARI,68.2,,77,263,237,21,54,6,1,2,1,0,21,42,.228,.291,.287,.578,.267,68,21,1,2,2,2,3
781,Jordan Zimmermann\zimmejo02,26,WSN,195.2,,32,805,742,69,186,42,3,18,10,2,43,153,.251,.297,.388,.686,.292,288,18,8,8,4,2,6
782,Barry Zito*\zitoba01,34,SFG,184.1,,32,799,707,91,186,43,6,20,9,7,70,114,.263,.332,.426,.758,.288,301,16,5,12,4,6,9